customer_id,age,gender,location
1,55,Male,teruel
2,19,Male,cadiz
3,50,Male,barcelona
4,21,Male,ciudad_real
5,45,Male,alava
6,46,Male,gerona
7,63,Male,burgos
8,27,Male,cadiz
9,26,Male,badajoz
10,57,Male,pontevedra
11,53,Male,almeria
12,30,Male,teruel
13,61,Male,leon
14,65,Male,gipuzkoa
15,64,Male,sevilla
16,64,Male,salamanca
17,25,Male,cuenca
18,53,Male,burgos
19,52,Male,toledo
20,66,Male,sevilla
21,21,Male,la_coruna
22,31,Male,gerona
23,56,Male,las_palmas
24,31,Male,cordoba
25,18,Male,malaga
26,18,Male,ciudad_real
27,38,Male,navarra
28,56,Male,cuenca
29,54,Male,santa_cruz_de_tenerife
30,31,Male,zaragoza
31,57,Male,lugo
32,33,Male,alava
33,36,Male,ciudad_real
34,54,Male,bizkaia
35,36,Male,valencia
36,54,Male,guadalajara
37,35,Male,cantabria
38,35,Male,cadiz
39,29,Male,alava
40,70,Male,bizkaia
41,69,Male,teruel
42,67,Male,gerona
43,20,Male,malaga
44,25,Male,valencia
45,39,Male,lleida
46,50,Male,zaragoza
47,57,Male,cadiz
48,55,Male,teruel
49,42,Male,cadiz
50,68,Male,castellon
51,49,Male,la_rioja
52,59,Male,la_rioja
53,42,Male,murcia
54,29,Male,segovia
55,47,Male,pontevedra
56,40,Male,valladolid
57,41,Male,la_coruna
58,21,Male,la_coruna
59,69,Male,asturias
60,63,Male,castellon
61,50,Male,tarragona
62,55,Male,castellon
63,30,Male,palencia
64,33,Male,guadalajara
65,65,Male,cadiz
66,65,Male,ciudad_real
67,31,Male,baleares
68,45,Male,lugo
69,57,Male,leon
70,48,Male,guadalajara
71,22,Male,santa_cruz_de_tenerife
72,36,Male,jaen
73,18,Male,la_rioja
74,48,Male,valladolid
75,49,Male,burgos
76,64,Male,soria
77,50,Male,badajoz
78,22,Male,cordoba
79,50,Male,zaragoza
80,38,Male,sevilla
81,19,Male,gerona
82,67,Male,tarragona
83,19,Male,zamora
84,36,Male,lleida
85,52,Male,zamora
86,53,Male,huesca
87,24,Male,lleida
88,52,Male,caceres
89,33,Male,alava
90,47,Male,las_palmas
91,25,Male,las_palmas
92,44,Male,bizkaia
93,61,Male,albacete
94,37,Male,madrid
95,58,Male,lugo
96,37,Male,teruel
97,32,Male,lleida
98,21,Male,valencia
99,20,Male,ciudad_real
100,26,Male,toledo
101,62,Male,alava
102,27,Male,zaragoza
103,51,Male,madrid
104,54,Male,madrid
105,55,Male,alava
106,69,Male,segovia
107,64,Male,asturias
108,28,Male,cantabria
109,70,Male,guadalajara
110,58,Male,guadalajara
111,56,Male,barcelona
112,26,Male,malaga
113,37,Male,zaragoza
114,44,Male,huelva
115,70,Male,valencia
116,53,Male,santa_cruz_de_tenerife
117,55,Male,lugo
118,50,Male,gipuzkoa
119,50,Male,las_palmas
120,38,Male,barcelona
121,64,Male,santa_cruz_de_tenerife
122,19,Male,alicante
123,40,Male,castellon
124,57,Male,orense
125,44,Male,santa_cruz_de_tenerife
126,49,Male,las_palmas
127,43,Male,albacete
128,24,Male,barcelona
129,20,Male,toledo
130,24,Male,palencia
131,44,Male,almeria
132,28,Male,segovia
133,30,Male,malaga
134,52,Male,guadalajara
135,43,Male,ciudad_real
136,43,Male,cordoba
137,39,Male,guadalajara
138,68,Male,soria
139,68,Male,badajoz
140,49,Male,baleares
141,63,Male,madrid
142,56,Male,barcelona
143,37,Male,cordoba
144,30,Male,gipuzkoa
145,19,Male,tarragona
146,24,Male,segovia
147,52,Male,valencia
148,63,Male,caceres
149,37,Male,ciudad_real
150,38,Male,la_rioja
151,35,Male,valencia
152,28,Male,caceres
153,30,Male,burgos
154,69,Male,ciudad_real
155,41,Male,salamanca
156,63,Male,navarra
157,35,Male,valladolid
158,36,Male,cuenca
159,25,Male,toledo
160,58,Male,sevilla
161,27,Male,jaen
162,65,Male,tarragona
163,54,Male,salamanca
164,54,Male,castellon
165,59,Male,navarra
166,42,Male,burgos
167,46,Male,gipuzkoa
168,33,Male,malaga
169,34,Male,valencia
170,27,Male,segovia
171,52,Male,guadalajara
172,29,Male,santa_cruz_de_tenerife
173,54,Male,santa_cruz_de_tenerife
174,25,Male,lleida
175,41,Male,palencia
176,53,Male,malaga
177,53,Male,bizkaia
178,21,Male,pontevedra
179,61,Male,alava
180,64,Male,jaen
181,51,Male,badajoz
182,32,Male,baleares
183,38,Male,zamora
184,58,Male,gipuzkoa
185,32,Male,las_palmas
186,46,Male,la_rioja
187,39,Male,salamanca
188,19,Male,soria
189,50,Male,pontevedra
190,36,Male,caceres
191,65,Male,leon
192,64,Male,lleida
193,46,Male,toledo
194,36,Male,leon
195,51,Male,barcelona
196,51,Male,malaga
197,38,Male,castellon
198,59,Male,asturias
199,57,Male,baleares
200,54,Male,malaga
201,25,Male,salamanca
202,69,Male,zaragoza
203,57,Male,madrid
204,70,Male,la_rioja
205,24,Male,tarragona
206,67,Male,badajoz
207,24,Male,albacete
208,62,Male,sevilla
209,57,Male,cantabria
210,55,Male,bizkaia
211,45,Male,cuenca
212,69,Male,tarragona
213,67,Male,avila
214,30,Male,tarragona
215,24,Male,santa_cruz_de_tenerife
216,62,Male,las_palmas
217,43,Male,barcelona
218,35,Male,tarragona
219,28,Male,castellon
220,32,Male,alicante
221,39,Male,cantabria
222,28,Male,valladolid
223,47,Male,lleida
224,20,Male,jaen
225,63,Male,alicante
226,25,Male,navarra
227,29,Male,madrid
228,50,Male,jaen
229,18,Male,teruel
230,70,Male,cuenca
231,66,Male,cuenca
232,28,Male,caceres
233,54,Male,la_coruna
234,19,Male,caceres
235,20,Male,segovia
236,43,Male,soria
237,38,Male,baleares
238,50,Male,lleida
239,64,Male,ciudad_real
240,49,Male,toledo
241,47,Male,granada
242,36,Male,madrid
243,55,Male,huelva
244,25,Male,valladolid
245,53,Male,pontevedra
246,49,Male,soria
247,35,Male,zamora
248,29,Male,murcia
249,47,Male,caceres
250,53,Male,ciudad_real
251,33,Male,malaga
252,21,Male,ciudad_real
253,32,Male,la_coruna
254,52,Male,cordoba
255,67,Male,cantabria
256,43,Male,tarragona
257,58,Male,gerona
258,20,Male,segovia
259,61,Male,santa_cruz_de_tenerife
260,32,Male,castellon
261,38,Male,navarra
262,21,Male,barcelona
263,37,Male,lugo
264,27,Male,cordoba
265,36,Male,badajoz
266,32,Male,las_palmas
267,51,Male,palencia
268,64,Male,lleida
269,68,Male,huesca
270,68,Male,alava
271,33,Male,la_coruna
272,65,Male,orense
273,48,Male,toledo
274,69,Male,zamora
275,59,Male,soria
276,48,Male,sevilla
277,25,Male,la_rioja
278,29,Male,alicante
279,57,Male,malaga
280,23,Male,castellon
281,45,Male,palencia
282,38,Male,soria
283,21,Male,caceres
284,32,Male,toledo
285,63,Male,gipuzkoa
286,29,Male,alava
287,27,Male,cantabria
288,56,Male,huesca
289,30,Male,valencia
290,49,Male,orense
291,58,Male,salamanca
292,57,Male,la_rioja
293,60,Male,cadiz
294,69,Male,jaen
295,70,Male,ciudad_real
296,53,Male,pontevedra
297,25,Male,alicante
298,48,Male,huesca
299,69,Male,guadalajara
300,25,Male,barcelona
301,29,Male,orense
302,46,Male,castellon
303,37,Male,murcia
304,20,Male,orense
305,40,Male,huesca
306,60,Male,castellon
307,26,Male,teruel
308,29,Male,gerona
309,66,Male,la_rioja
310,66,Male,jaen
311,56,Male,santa_cruz_de_tenerife
312,69,Male,leon
313,38,Male,burgos
314,42,Male,cantabria
315,30,Male,valladolid
316,66,Male,soria
317,36,Male,valencia
318,58,Male,guadalajara
319,45,Male,teruel
320,47,Male,salamanca
321,66,Male,segovia
322,41,Male,la_rioja
323,41,Male,santa_cruz_de_tenerife
324,66,Male,valencia
325,37,Male,granada
326,70,Male,cadiz
327,62,Male,valladolid
328,61,Male,cantabria
329,48,Male,orense
330,70,Male,huelva
331,46,Male,zaragoza
332,31,Male,ciudad_real
333,19,Male,teruel
334,39,Male,gerona
335,41,Male,albacete
336,20,Male,lugo
337,36,Male,granada
338,32,Male,valencia
339,69,Male,lleida
340,40,Male,tarragona
341,40,Male,santa_cruz_de_tenerife
342,20,Male,gipuzkoa
343,64,Male,burgos
344,27,Male,huelva
345,24,Male,valladolid
346,48,Male,ciudad_real
347,49,Male,pontevedra
348,36,Male,castellon
349,56,Male,tarragona
350,37,Male,castellon
351,42,Male,murcia
352,28,Male,navarra
353,27,Male,alava
354,63,Male,asturias
355,58,Male,pontevedra
356,37,Male,zamora
357,56,Male,la_coruna
358,18,Male,cantabria
359,48,Male,albacete
360,31,Male,santa_cruz_de_tenerife
361,51,Male,las_palmas
362,65,Male,alava
363,53,Male,lugo
364,55,Male,santa_cruz_de_tenerife
365,62,Male,cordoba
366,55,Male,alava
367,64,Male,segovia
368,52,Male,soria
369,24,Male,huelva
370,38,Male,pontevedra
371,59,Male,pontevedra
372,27,Male,tarragona
373,24,Male,alava
374,23,Male,zaragoza
375,69,Male,salamanca
376,59,Male,alava
377,51,Male,avila
378,63,Male,castellon
379,54,Male,la_coruna
380,32,Male,palencia
381,39,Male,la_rioja
382,66,Male,santa_cruz_de_tenerife
383,28,Male,jaen
384,50,Male,burgos
385,70,Male,soria
386,67,Male,bizkaia
387,64,Male,pontevedra
388,45,Male,lugo
389,22,Male,segovia
390,27,Male,barcelona
391,25,Male,santa_cruz_de_tenerife
392,37,Male,santa_cruz_de_tenerife
393,26,Male,la_coruna
394,33,Male,caceres
395,43,Male,zamora
396,37,Male,lleida
397,46,Male,barcelona
398,22,Male,valladolid
399,20,Male,tarragona
400,60,Male,zaragoza
401,39,Male,toledo
402,43,Male,albacete
403,31,Male,teruel
404,19,Male,almeria
405,35,Male,huesca
406,41,Male,avila
407,52,Male,asturias
408,45,Male,alava
409,34,Male,castellon
410,35,Male,badajoz
411,29,Male,guadalajara
412,59,Male,segovia
413,24,Male,toledo
414,70,Male,ciudad_real
415,29,Male,pontevedra
416,67,Male,cadiz
417,36,Male,cadiz
418,23,Male,albacete
419,18,Male,huelva
420,53,Male,huesca
421,32,Male,zamora
422,38,Male,cordoba
423,47,Male,valencia
424,46,Male,murcia
425,66,Male,lugo
426,40,Male,gipuzkoa
427,43,Male,cadiz
428,58,Male,ciudad_real
429,21,Male,guadalajara
430,42,Male,ciudad_real
431,24,Male,murcia
432,43,Male,orense
433,47,Male,valencia
434,49,Male,sevilla
435,50,Male,avila
436,51,Male,segovia
437,40,Male,gerona
438,45,Male,cantabria
439,52,Male,cadiz
440,62,Male,almeria
441,20,Male,teruel
442,43,Male,cordoba
443,29,Male,guadalajara
444,22,Male,granada
445,48,Male,navarra
446,42,Male,caceres
447,19,Male,alava
448,60,Male,burgos
449,32,Male,toledo
450,26,Male,huelva
451,25,Male,cadiz
452,66,Male,guadalajara
453,45,Male,cadiz
454,54,Male,alava
455,37,Male,las_palmas
456,54,Male,la_rioja
457,50,Male,badajoz
458,25,Male,albacete
459,47,Male,zaragoza
460,63,Male,salamanca
461,64,Male,santa_cruz_de_tenerife
462,18,Male,ciudad_real
463,59,Male,tarragona
464,37,Male,la_coruna
465,23,Male,cordoba
466,54,Male,zaragoza
467,38,Male,barcelona
468,19,Male,granada
469,34,Male,granada
470,21,Male,guadalajara
471,50,Male,cadiz
472,55,Male,valladolid
473,20,Male,albacete
474,34,Male,guadalajara
475,62,Male,albacete
476,21,Male,gerona
477,21,Male,alava
478,42,Male,segovia
479,35,Male,salamanca
480,39,Male,burgos
481,68,Male,lleida
482,46,Male,salamanca
483,41,Male,malaga
484,23,Male,guadalajara
485,68,Male,baleares
486,48,Male,alava
487,38,Male,barcelona
488,41,Male,toledo
489,58,Male,valencia
490,49,Male,huesca
491,57,Male,malaga
492,49,Male,las_palmas
493,50,Male,lugo
494,28,Male,santa_cruz_de_tenerife
495,38,Male,santa_cruz_de_tenerife
496,33,Male,huesca
497,30,Male,huesca
498,43,Male,alava
499,43,Male,la_rioja
500,36,Male,valencia
501,36,Male,segovia
502,64,Male,cadiz
503,59,Male,granada
504,55,Male,granada
505,42,Male,granada
506,61,Male,orense
507,28,Male,almeria
508,65,Male,burgos
509,27,Male,madrid
510,41,Male,badajoz
511,21,Male,gipuzkoa
512,61,Male,cordoba
513,19,Male,badajoz
514,22,Male,soria
515,64,Male,asturias
516,28,Male,cordoba
517,34,Male,leon
518,61,Male,tarragona
519,24,Male,tarragona
520,19,Male,palencia
521,51,Male,segovia
522,36,Male,lleida
523,65,Male,santa_cruz_de_tenerife
524,46,Male,la_coruna
525,59,Male,avila
526,51,Male,avila
527,51,Male,gerona
528,21,Male,leon
529,34,Male,burgos
530,32,Male,navarra
531,48,Male,cantabria
532,50,Male,orense
533,26,Male,gipuzkoa
534,57,Male,lugo
535,65,Male,segovia
536,56,Male,cordoba
537,44,Male,albacete
538,50,Male,baleares
539,27,Male,valladolid
540,49,Male,murcia
541,49,Male,la_coruna
542,52,Male,bizkaia
543,27,Male,cordoba
544,53,Male,caceres
545,34,Male,la_rioja
546,33,Male,almeria
547,62,Male,almeria
548,38,Male,madrid
549,36,Male,sevilla
550,31,Male,salamanca
551,62,Male,toledo
552,29,Male,albacete
553,24,Male,valencia
554,63,Male,la_coruna
555,56,Male,ciudad_real
556,63,Male,lleida
557,40,Male,badajoz
558,18,Male,avila
559,50,Male,la_coruna
560,66,Male,cuenca
561,25,Male,huesca
562,65,Male,lugo
563,53,Male,madrid
564,61,Male,ciudad_real
565,67,Male,cordoba
566,59,Male,cuenca
567,55,Male,asturias
568,21,Male,la_coruna
569,44,Male,madrid
570,65,Male,la_coruna
571,65,Male,la_coruna
572,54,Male,castellon
573,56,Male,zamora
574,58,Male,lleida
575,54,Male,segovia
576,58,Male,zaragoza
577,48,Male,santa_cruz_de_tenerife
578,19,Male,cadiz
579,69,Male,cuenca
580,58,Male,leon
581,49,Male,pontevedra
582,32,Male,las_palmas
583,40,Male,madrid
584,25,Male,granada
585,70,Male,granada
586,69,Male,malaga
587,45,Male,zaragoza
588,29,Male,sevilla
589,47,Male,castellon
590,28,Male,lugo
591,64,Male,murcia
592,47,Male,salamanca
593,60,Male,granada
594,67,Male,orense
595,35,Male,lleida
596,30,Male,leon
597,23,Male,palencia
598,70,Male,avila
599,21,Male,la_rioja
600,51,Male,alicante
601,22,Male,bizkaia
602,32,Male,cuenca
603,37,Male,badajoz
604,31,Male,almeria
605,44,Male,tarragona
606,40,Male,ciudad_real
607,27,Male,valladolid
608,47,Male,zamora
609,41,Male,santa_cruz_de_tenerife
610,51,Male,soria
611,53,Male,cadiz
612,43,Male,barcelona
613,67,Male,huesca
614,61,Male,cordoba
615,68,Male,asturias
616,67,Male,santa_cruz_de_tenerife
617,29,Male,salamanca
618,50,Male,bizkaia
619,61,Male,zamora
620,19,Male,burgos
621,33,Male,tarragona
622,51,Male,barcelona
623,69,Male,zaragoza
624,19,Male,gipuzkoa
625,55,Male,valladolid
626,49,Male,murcia
627,31,Male,alicante
628,42,Male,cuenca
629,69,Male,valencia
630,26,Male,jaen
631,41,Male,cadiz
632,55,Male,segovia
633,35,Male,granada
634,66,Male,sevilla
635,36,Male,cantabria
636,27,Male,malaga
637,41,Male,toledo
638,21,Male,toledo
639,53,Male,las_palmas
640,54,Male,alava
641,53,Male,teruel
642,47,Male,granada
643,64,Male,soria
644,18,Male,castellon
645,68,Male,huesca
646,62,Male,murcia
647,51,Male,barcelona
648,54,Male,zamora
649,22,Male,baleares
650,53,Male,bizkaia
651,34,Male,valladolid
652,32,Male,asturias
653,64,Male,orense
654,20,Male,huelva
655,24,Male,lugo
656,20,Male,malaga
657,42,Male,cantabria
658,48,Male,murcia
659,62,Male,granada
660,62,Male,cordoba
661,50,Male,asturias
662,57,Male,pontevedra
663,24,Male,lleida
664,59,Male,tarragona
665,63,Male,la_coruna
666,41,Male,toledo
667,35,Male,huelva
668,34,Male,cantabria
669,49,Male,pontevedra
670,43,Male,gerona
671,63,Male,bizkaia
672,38,Male,albacete
673,59,Male,zaragoza
674,35,Male,alicante
675,48,Male,salamanca
676,64,Male,baleares
677,28,Male,sevilla
678,60,Male,baleares
679,27,Male,soria
680,56,Male,huelva
681,58,Male,zamora
682,30,Male,cadiz
683,23,Male,caceres
684,33,Male,santa_cruz_de_tenerife
685,63,Male,ciudad_real
686,70,Male,burgos
687,70,Male,jaen
688,19,Male,albacete
689,25,Male,teruel
690,19,Male,almeria
691,25,Male,baleares
692,60,Male,gipuzkoa
693,35,Male,baleares
694,46,Male,badajoz
695,41,Male,alicante
696,30,Male,alava
697,44,Male,huesca
698,61,Male,salamanca
699,55,Male,la_coruna
700,50,Male,avila
701,57,Male,alicante
702,51,Male,santa_cruz_de_tenerife
703,18,Male,segovia
704,63,Male,zaragoza
705,34,Male,asturias
706,25,Male,segovia
707,46,Male,avila
708,59,Male,cordoba
709,37,Male,valladolid
710,49,Male,ciudad_real
711,22,Male,las_palmas
712,64,Male,pontevedra
713,42,Male,malaga
714,37,Male,alava
715,26,Male,palencia
716,33,Male,ciudad_real
717,30,Male,asturias
718,21,Male,palencia
719,22,Male,madrid
720,63,Male,cuenca
721,33,Male,gerona
722,43,Male,santa_cruz_de_tenerife
723,27,Male,cadiz
724,35,Male,zaragoza
725,37,Male,almeria
726,61,Male,tarragona
727,32,Male,zaragoza
728,62,Male,lugo
729,29,Male,cadiz
730,41,Male,castellon
731,48,Male,alicante
732,43,Male,granada
733,34,Male,zamora
734,45,Male,granada
735,65,Male,gipuzkoa
736,61,Male,gerona
737,18,Male,ciudad_real
738,47,Male,la_rioja
739,56,Male,barcelona
740,64,Male,lleida
741,26,Male,guadalajara
742,22,Male,sevilla
743,64,Male,granada
744,21,Male,tarragona
745,67,Male,segovia
746,46,Male,sevilla
747,40,Male,castellon
748,51,Male,huelva
749,35,Male,salamanca
750,56,Male,gerona
751,25,Male,lugo
752,65,Male,valencia
753,39,Male,salamanca
754,47,Male,las_palmas
755,36,Male,barcelona
756,66,Male,jaen
757,62,Male,cuenca
758,41,Male,bizkaia
759,66,Male,toledo
760,51,Male,murcia
761,33,Male,zaragoza
762,57,Male,burgos
763,45,Male,salamanca
764,61,Male,almeria
765,55,Male,huesca
766,54,Male,pontevedra
767,57,Male,castellon
768,27,Male,teruel
769,64,Male,salamanca
770,52,Male,cadiz
771,19,Male,alava
772,22,Male,malaga
773,18,Male,sevilla
774,29,Male,navarra
775,42,Male,leon
776,49,Male,caceres
777,49,Male,burgos
778,55,Male,pontevedra
779,29,Male,palencia
780,60,Male,lleida
781,34,Male,bizkaia
782,30,Male,pontevedra
783,28,Male,asturias
784,63,Male,cordoba
785,31,Male,cordoba
786,46,Male,castellon
787,70,Male,las_palmas
788,53,Male,orense
789,50,Male,navarra
790,33,Male,almeria
791,22,Male,palencia
792,50,Male,cuenca
793,34,Male,bizkaia
794,24,Male,jaen
795,69,Male,alicante
796,39,Male,cadiz
797,42,Male,badajoz
798,42,Male,asturias
799,29,Male,tarragona
800,55,Male,la_rioja
801,32,Male,las_palmas
802,25,Male,sevilla
803,38,Male,lleida
804,32,Male,cordoba
805,43,Male,alicante
806,41,Male,navarra
807,56,Male,guadalajara
808,27,Male,palencia
809,46,Male,lleida
810,48,Male,teruel
811,52,Male,las_palmas
812,18,Male,orense
813,64,Male,castellon
814,54,Male,las_palmas
815,31,Male,bizkaia
816,30,Male,badajoz
817,26,Male,huelva
818,25,Male,caceres
819,59,Male,salamanca
820,55,Male,salamanca
821,56,Male,caceres
822,62,Male,palencia
823,35,Male,huelva
824,51,Male,orense
825,61,Male,tarragona
826,27,Male,bizkaia
827,54,Male,murcia
828,31,Male,ciudad_real
829,24,Male,albacete
830,42,Male,jaen
831,41,Male,santa_cruz_de_tenerife
832,66,Male,granada
833,58,Male,malaga
834,43,Male,teruel
835,52,Male,santa_cruz_de_tenerife
836,35,Male,zaragoza
837,23,Male,segovia
838,25,Male,santa_cruz_de_tenerife
839,33,Male,badajoz
840,48,Male,palencia
841,42,Male,granada
842,55,Male,castellon
843,59,Male,cordoba
844,65,Male,baleares
845,59,Male,valencia
846,31,Male,cordoba
847,49,Male,madrid
848,53,Male,cadiz
849,48,Male,valencia
850,23,Male,zaragoza
851,68,Male,huelva
852,35,Male,almeria
853,34,Male,la_rioja
854,62,Male,cantabria
855,21,Male,jaen
856,70,Male,zamora
857,55,Male,la_coruna
858,43,Male,zamora
859,19,Male,pontevedra
860,47,Male,cantabria
861,26,Male,las_palmas
862,46,Male,ciudad_real
863,19,Male,tarragona
864,49,Male,lugo
865,51,Male,barcelona
866,64,Male,barcelona
867,67,Male,valencia
868,37,Male,tarragona
869,40,Male,navarra
870,38,Male,cuenca
871,66,Male,gerona
872,47,Male,soria
873,56,Male,baleares
874,51,Male,huelva
875,25,Male,jaen
876,37,Male,soria
877,41,Male,almeria
878,64,Male,huelva
879,23,Male,alicante
880,62,Male,lugo
881,39,Male,malaga
882,52,Male,bizkaia
883,50,Male,caceres
884,28,Male,jaen
885,67,Male,la_coruna
886,41,Male,segovia
887,19,Male,avila
888,70,Male,lleida
889,49,Male,cuenca
890,59,Male,burgos
891,52,Male,zaragoza
892,20,Male,lleida
893,31,Male,barcelona
894,33,Male,salamanca
895,44,Male,gipuzkoa
896,40,Male,almeria
897,69,Male,guadalajara
898,29,Male,baleares
899,54,Male,segovia
900,65,Male,toledo
901,54,Male,madrid
902,60,Male,castellon
903,43,Male,santa_cruz_de_tenerife
904,44,Male,jaen
905,69,Male,ciudad_real
906,46,Male,cadiz
907,41,Male,alicante
908,32,Male,cadiz
909,26,Male,soria
910,61,Male,castellon
911,49,Male,asturias
912,53,Male,badajoz
913,24,Male,badajoz
914,37,Male,leon
915,43,Male,sevilla
916,31,Male,madrid
917,49,Male,huesca
918,69,Male,bizkaia
919,65,Male,gerona
920,41,Male,murcia
921,37,Male,soria
922,70,Male,huelva
923,63,Male,alava
924,55,Male,zaragoza
925,52,Male,almeria
926,22,Male,jaen
927,54,Male,leon
928,28,Male,cantabria
929,67,Male,teruel
930,59,Male,huesca
931,26,Male,almeria
932,24,Male,navarra
933,62,Male,cadiz
934,70,Male,cadiz
935,45,Male,bizkaia
936,58,Male,toledo
937,31,Male,guadalajara
938,32,Male,burgos
939,36,Male,caceres
940,25,Male,lugo
941,48,Male,palencia
942,39,Male,cadiz
943,26,Male,la_rioja
944,32,Male,lugo
945,54,Male,la_coruna
946,38,Male,sevilla
947,46,Male,las_palmas
948,57,Male,huelva
949,49,Male,salamanca
950,33,Male,salamanca
951,54,Male,asturias
952,47,Male,leon
953,36,Male,ciudad_real
954,68,Male,murcia
955,60,Male,castellon
956,55,Male,ciudad_real
957,29,Male,soria
958,38,Male,ciudad_real
959,70,Male,valencia
960,36,Male,baleares
961,18,Male,gipuzkoa
962,62,Male,guadalajara
963,29,Male,murcia
964,21,Male,malaga
965,42,Male,lugo
966,43,Male,jaen
967,58,Male,navarra
968,27,Male,cordoba
969,57,Male,alava
970,40,Male,burgos
971,45,Male,badajoz
972,47,Male,la_coruna
973,61,Male,baleares
974,60,Male,segovia
975,69,Male,sevilla
976,58,Male,albacete
977,34,Male,pontevedra
978,20,Male,barcelona
979,56,Male,la_rioja
980,64,Male,valencia
981,56,Male,lleida
982,27,Male,alava
983,35,Male,lleida
984,24,Male,cuenca
985,26,Male,segovia
986,32,Male,lleida
987,54,Male,tarragona
988,62,Male,leon
989,50,Male,zamora
990,70,Male,lugo
991,48,Male,huesca
992,20,Male,palencia
993,46,Male,guadalajara
994,51,Male,tarragona
995,53,Male,barcelona
996,44,Male,toledo
997,29,Male,lugo
998,64,Male,gipuzkoa
999,51,Male,lugo
1000,50,Male,palencia
1001,43,Male,orense
1002,61,Male,valencia
1003,55,Male,murcia
1004,56,Male,pontevedra
1005,33,Male,almeria
1006,43,Male,almeria
1007,21,Male,zaragoza
1008,58,Male,valencia
1009,41,Male,cuenca
1010,39,Male,guadalajara
1011,54,Male,murcia
1012,43,Male,granada
1013,28,Male,asturias
1014,59,Male,zamora
1015,28,Male,cuenca
1016,68,Male,la_coruna
1017,20,Male,castellon
1018,21,Male,granada
1019,50,Male,bizkaia
1020,32,Male,leon
1021,24,Male,almeria
1022,55,Male,pontevedra
1023,61,Male,jaen
1024,61,Male,almeria
1025,28,Male,baleares
1026,60,Male,castellon
1027,49,Male,murcia
1028,33,Male,jaen
1029,45,Male,murcia
1030,29,Male,orense
1031,58,Male,alicante
1032,22,Male,pontevedra
1033,55,Male,sevilla
1034,19,Male,salamanca
1035,68,Male,asturias
1036,61,Male,guadalajara
1037,68,Male,jaen
1038,52,Male,sevilla
1039,41,Male,santa_cruz_de_tenerife
1040,29,Male,leon
1041,68,Male,teruel
1042,36,Male,alava
1043,55,Male,la_rioja
1044,28,Male,tarragona
1045,39,Male,granada
1046,54,Male,avila
1047,40,Male,caceres
1048,31,Male,gipuzkoa
1049,30,Male,leon
1050,45,Male,toledo
1051,48,Male,huesca
1052,45,Male,badajoz
1053,60,Male,cuenca
1054,59,Male,pontevedra
1055,18,Male,avila
1056,70,Male,lugo
1057,20,Male,malaga
1058,65,Male,ciudad_real
1059,29,Male,segovia
1060,22,Male,zamora
1061,27,Male,albacete
1062,36,Male,zaragoza
1063,59,Male,segovia
1064,62,Male,salamanca
1065,34,Male,teruel
1066,59,Male,salamanca
1067,49,Male,gipuzkoa
1068,18,Male,cantabria
1069,55,Male,guadalajara
1070,38,Male,orense
1071,50,Male,barcelona
1072,61,Male,santa_cruz_de_tenerife
1073,48,Male,guadalajara
1074,22,Male,segovia
1075,48,Male,zamora
1076,57,Male,murcia
1077,33,Male,tarragona
1078,58,Male,leon
1079,37,Male,la_coruna
1080,18,Male,guadalajara
1081,65,Male,baleares
1082,62,Male,soria
1083,54,Male,malaga
1084,35,Male,zaragoza
1085,34,Male,avila
1086,25,Male,las_palmas
1087,53,Male,lleida
1088,45,Male,bizkaia
1089,49,Male,lugo
1090,40,Male,huesca
1091,38,Male,ciudad_real
1092,44,Male,caceres
1093,68,Male,burgos
1094,60,Male,baleares
1095,25,Male,madrid
1096,19,Male,valladolid
1097,57,Male,navarra
1098,58,Male,toledo
1099,49,Male,huelva
1100,19,Male,la_coruna
1101,50,Male,barcelona
1102,30,Male,cadiz
1103,52,Male,malaga
1104,35,Male,huesca
1105,35,Male,pontevedra
1106,33,Male,valladolid
1107,52,Male,madrid
1108,69,Male,huesca
1109,27,Male,tarragona
1110,66,Male,castellon
1111,28,Male,leon
1112,22,Male,zamora
1113,69,Male,zaragoza
1114,28,Male,badajoz
1115,55,Male,las_palmas
1116,30,Male,albacete
1117,67,Male,ciudad_real
1118,25,Male,cuenca
1119,49,Male,segovia
1120,34,Male,las_palmas
1121,22,Male,gerona
1122,63,Male,jaen
1123,70,Male,soria
1124,36,Male,pontevedra
1125,42,Male,cordoba
1126,27,Male,badajoz
1127,23,Male,soria
1128,50,Male,castellon
1129,56,Male,albacete
1130,37,Male,asturias
1131,67,Male,toledo
1132,67,Male,santa_cruz_de_tenerife
1133,50,Male,avila
1134,36,Male,teruel
1135,62,Male,cuenca
1136,65,Male,castellon
1137,23,Male,almeria
1138,46,Male,valencia
1139,18,Male,orense
1140,58,Male,huelva
1141,31,Male,cantabria
1142,39,Male,tarragona
1143,69,Male,alicante
1144,68,Male,jaen
1145,41,Male,salamanca
1146,31,Male,palencia
1147,48,Male,alicante
1148,59,Male,la_rioja
1149,34,Male,navarra
1150,21,Male,cordoba
1151,29,Male,guadalajara
1152,41,Male,murcia
1153,62,Male,badajoz
1154,27,Male,cordoba
1155,49,Male,toledo
1156,67,Male,santa_cruz_de_tenerife
1157,20,Male,cantabria
1158,37,Male,alicante
1159,69,Male,palencia
1160,66,Male,cuenca
1161,37,Male,alicante
1162,63,Male,castellon
1163,47,Male,segovia
1164,26,Male,orense
1165,68,Male,ciudad_real
1166,51,Male,navarra
1167,48,Male,tarragona
1168,60,Male,murcia
1169,68,Male,sevilla
1170,25,Male,baleares
1171,57,Male,soria
1172,41,Male,huesca
1173,59,Male,badajoz
1174,44,Male,segovia
1175,42,Male,alava
1176,35,Male,soria
1177,36,Male,badajoz
1178,54,Male,albacete
1179,37,Male,burgos
1180,20,Male,almeria
1181,23,Male,burgos
1182,61,Male,santa_cruz_de_tenerife
1183,37,Male,orense
1184,23,Male,castellon
1185,63,Male,alicante
1186,47,Male,navarra
1187,63,Male,barcelona
1188,56,Male,tarragona
1189,68,Male,alicante
1190,64,Male,asturias
1191,62,Male,la_coruna
1192,34,Male,badajoz
1193,49,Male,soria
1194,40,Male,huelva
1195,50,Male,avila
1196,25,Male,jaen
1197,30,Male,alicante
1198,54,Male,sevilla
1199,40,Male,las_palmas
1200,49,Male,madrid
1201,27,Male,la_rioja
1202,27,Male,cantabria
1203,48,Male,guadalajara
1204,40,Male,zaragoza
1205,67,Male,madrid
1206,52,Male,tarragona
1207,22,Male,cordoba
1208,62,Male,teruel
1209,20,Male,segovia
1210,41,Male,pontevedra
1211,34,Male,madrid
1212,23,Male,cadiz
1213,32,Male,salamanca
1214,68,Male,bizkaia
1215,30,Male,sevilla
1216,66,Male,palencia
1217,62,Male,badajoz
1218,50,Male,barcelona
1219,55,Male,pontevedra
1220,19,Male,segovia
1221,67,Male,teruel
1222,18,Male,palencia
1223,58,Male,pontevedra
1224,69,Male,gipuzkoa
1225,62,Male,zamora
1226,28,Male,guadalajara
1227,53,Male,toledo
1228,27,Male,lugo
1229,55,Male,burgos
1230,34,Male,la_coruna
1231,25,Male,malaga
1232,66,Male,ciudad_real
1233,57,Male,leon
1234,46,Male,valencia
1235,38,Male,teruel
1236,23,Male,ciudad_real
1237,42,Male,huelva
1238,25,Male,zamora
1239,55,Male,huesca
1240,62,Male,huesca
1241,41,Male,alicante
1242,58,Male,burgos
1243,56,Male,huesca
1244,25,Male,avila
1245,70,Male,barcelona
1246,42,Male,la_coruna
1247,27,Male,avila
1248,65,Male,zaragoza
1249,62,Male,cuenca
1250,62,Male,zamora
1251,52,Male,sevilla
1252,56,Male,valencia
1253,28,Male,leon
1254,39,Male,gipuzkoa
1255,54,Male,avila
1256,30,Male,badajoz
1257,45,Male,gipuzkoa
1258,68,Male,albacete
1259,47,Male,santa_cruz_de_tenerife
1260,68,Male,salamanca
1261,63,Male,badajoz
1262,20,Male,cuenca
1263,29,Male,asturias
1264,41,Male,las_palmas
1265,52,Male,ciudad_real
1266,32,Male,soria
1267,20,Male,barcelona
1268,47,Male,segovia
1269,23,Male,cuenca
1270,43,Male,cuenca
1271,67,Male,guadalajara
1272,70,Male,madrid
1273,35,Male,murcia
1274,41,Male,guadalajara
1275,54,Male,leon
1276,55,Male,huesca
1277,51,Male,badajoz
1278,19,Male,almeria
1279,28,Male,almeria
1280,63,Male,almeria
1281,30,Male,cordoba
1282,29,Male,barcelona
1283,24,Male,caceres
1284,69,Male,granada
1285,65,Male,valencia
1286,64,Male,salamanca
1287,40,Male,madrid
1288,24,Male,bizkaia
1289,66,Male,baleares
1290,35,Male,granada
1291,67,Male,segovia
1292,69,Male,salamanca
1293,26,Male,barcelona
1294,23,Male,santa_cruz_de_tenerife
1295,27,Male,burgos
1296,30,Male,cuenca
1297,48,Male,lugo
1298,44,Male,zamora
1299,29,Male,avila
1300,29,Male,zamora
1301,67,Male,castellon
1302,42,Male,soria
1303,23,Male,albacete
1304,34,Male,granada
1305,64,Male,alava
1306,31,Male,gerona
1307,54,Male,badajoz
1308,23,Male,santa_cruz_de_tenerife
1309,59,Male,cordoba
1310,32,Male,jaen
1311,43,Male,salamanca
1312,32,Male,cantabria
1313,66,Male,huelva
1314,70,Male,alicante
1315,42,Male,lugo
1316,56,Male,caceres
1317,28,Male,albacete
1318,28,Male,las_palmas
1319,52,Male,zamora
1320,65,Male,la_coruna
1321,56,Male,baleares
1322,59,Male,ciudad_real
1323,23,Male,malaga
1324,58,Male,huesca
1325,39,Male,cadiz
1326,28,Male,teruel
1327,40,Male,cordoba
1328,52,Male,las_palmas
1329,37,Male,soria
1330,70,Male,asturias
1331,30,Male,burgos
1332,38,Male,avila
1333,66,Male,orense
1334,29,Male,madrid
1335,46,Male,baleares
1336,56,Male,burgos
1337,23,Male,lugo
1338,37,Male,guadalajara
1339,56,Male,tarragona
1340,36,Male,cantabria
1341,40,Male,navarra
1342,26,Male,cuenca
1343,57,Male,leon
1344,68,Male,orense
1345,56,Male,valladolid
1346,40,Male,valladolid
1347,44,Male,gipuzkoa
1348,44,Male,asturias
1349,19,Male,jaen
1350,21,Male,barcelona
1351,31,Male,segovia
1352,30,Male,valladolid
1353,65,Male,albacete
1354,39,Male,soria
1355,64,Male,bizkaia
1356,59,Male,santa_cruz_de_tenerife
1357,49,Male,murcia
1358,24,Male,pontevedra
1359,19,Male,jaen
1360,27,Male,barcelona
1361,56,Male,gerona
1362,49,Male,cordoba
1363,41,Male,gipuzkoa
1364,36,Male,cantabria
1365,68,Male,jaen
1366,28,Male,soria
1367,45,Male,soria
1368,60,Male,burgos
1369,21,Male,segovia
1370,32,Male,toledo
1371,27,Male,avila
1372,40,Male,teruel
1373,64,Male,leon
1374,18,Male,cuenca
1375,22,Male,baleares
1376,42,Male,zamora
1377,57,Male,orense
1378,33,Male,bizkaia
1379,37,Male,tarragona
1380,21,Male,soria
1381,51,Male,alicante
1382,30,Male,santa_cruz_de_tenerife
1383,68,Male,malaga
1384,36,Male,cadiz
1385,46,Male,gipuzkoa
1386,41,Male,cantabria
1387,68,Male,la_rioja
1388,21,Male,alicante
1389,62,Male,segovia
1390,59,Male,zaragoza
1391,25,Male,salamanca
1392,53,Male,murcia
1393,31,Male,bizkaia
1394,46,Male,cantabria
1395,26,Male,alava
1396,47,Male,zamora
1397,37,Male,zamora
1398,55,Male,castellon
1399,30,Male,teruel
1400,19,Male,cuenca
1401,36,Male,barcelona
1402,23,Male,palencia
1403,62,Male,jaen
1404,26,Male,zamora
1405,36,Male,bizkaia
1406,33,Male,las_palmas
1407,32,Male,ciudad_real
1408,56,Male,alava
1409,58,Male,barcelona
1410,34,Male,albacete
1411,61,Male,cordoba
1412,48,Male,caceres
1413,25,Male,baleares
1414,51,Male,leon
1415,29,Male,huelva
1416,54,Male,gipuzkoa
1417,48,Male,leon
1418,62,Male,avila
1419,18,Male,murcia
1420,43,Male,caceres
1421,22,Male,santa_cruz_de_tenerife
1422,68,Male,las_palmas
1423,44,Male,caceres
1424,51,Male,cordoba
1425,66,Male,tarragona
1426,59,Male,navarra
1427,60,Male,barcelona
1428,31,Male,burgos
1429,20,Male,huelva
1430,24,Male,cordoba
1431,48,Male,burgos
1432,39,Male,asturias
1433,34,Male,leon
1434,70,Male,avila
1435,59,Male,baleares
1436,45,Male,asturias
1437,35,Male,santa_cruz_de_tenerife
1438,69,Male,cordoba
1439,58,Male,zaragoza
1440,25,Male,asturias
1441,27,Male,huesca
1442,34,Male,la_coruna
1443,53,Male,avila
1444,58,Male,badajoz
1445,32,Male,orense
1446,64,Male,zaragoza
1447,63,Male,leon
1448,23,Male,burgos
1449,64,Male,soria
1450,18,Male,lleida
1451,25,Male,bizkaia
1452,54,Male,orense
1453,60,Male,huesca
1454,36,Male,gerona
1455,66,Male,toledo
1456,60,Male,valencia
1457,59,Male,cadiz
1458,58,Male,castellon
1459,35,Male,madrid
1460,20,Male,gipuzkoa
1461,70,Male,tarragona
1462,54,Male,murcia
1463,38,Male,la_rioja
1464,54,Male,avila
1465,33,Male,alicante
1466,46,Male,bizkaia
1467,58,Male,gipuzkoa
1468,30,Male,lugo
1469,42,Male,barcelona
1470,28,Male,bizkaia
1471,43,Male,albacete
1472,31,Male,orense
1473,39,Male,teruel
1474,69,Male,cadiz
1475,31,Male,navarra
1476,44,Male,castellon
1477,39,Male,santa_cruz_de_tenerife
1478,24,Male,lleida
1479,28,Male,badajoz
1480,48,Male,zamora
1481,39,Male,castellon
1482,64,Male,cantabria
1483,28,Male,pontevedra
1484,39,Male,segovia
1485,49,Male,segovia
1486,22,Male,guadalajara
1487,25,Male,zaragoza
1488,40,Male,madrid
1489,23,Male,tarragona
1490,24,Male,cordoba
1491,66,Male,soria
1492,27,Male,lleida
1493,62,Male,baleares
1494,70,Male,palencia
1495,43,Male,lugo
1496,45,Male,santa_cruz_de_tenerife
1497,63,Male,almeria
1498,69,Male,huesca
1499,59,Male,valencia
1500,19,Male,leon
1501,63,Male,castellon
1502,37,Male,santa_cruz_de_tenerife
1503,37,Male,asturias
1504,50,Male,cuenca
1505,60,Male,la_coruna
1506,46,Male,lleida
1507,35,Male,pontevedra
1508,66,Male,lugo
1509,35,Male,burgos
1510,20,Male,jaen
1511,55,Male,teruel
1512,34,Male,gerona
1513,60,Male,teruel
1514,22,Male,alicante
1515,26,Male,salamanca
1516,39,Male,jaen
1517,20,Male,tarragona
1518,57,Male,almeria
1519,68,Male,alicante
1520,50,Male,huelva
1521,21,Male,sevilla
1522,29,Male,teruel
1523,38,Male,lugo
1524,54,Male,bizkaia
1525,22,Male,gipuzkoa
1526,29,Male,madrid
1527,41,Male,castellon
1528,26,Male,asturias
1529,69,Male,lleida
1530,20,Male,cadiz
1531,59,Male,alicante
1532,63,Male,caceres
1533,68,Male,gerona
1534,50,Male,lleida
1535,55,Male,almeria
1536,36,Male,ciudad_real
1537,18,Male,navarra
1538,68,Male,cantabria
1539,56,Male,albacete
1540,32,Male,badajoz
1541,28,Male,avila
1542,24,Male,badajoz
1543,59,Male,salamanca
1544,56,Male,palencia
1545,30,Male,cordoba
1546,48,Male,baleares
1547,60,Male,la_coruna
1548,46,Male,leon
1549,69,Male,la_rioja
1550,19,Male,navarra
1551,66,Male,alava
1552,64,Male,zaragoza
1553,54,Male,segovia
1554,27,Male,castellon
1555,64,Male,ciudad_real
1556,43,Male,pontevedra
1557,43,Male,madrid
1558,27,Male,valladolid
1559,35,Male,murcia
1560,43,Male,soria
1561,57,Male,zamora
1562,50,Male,valladolid
1563,37,Male,zamora
1564,68,Male,alicante
1565,22,Male,las_palmas
1566,58,Male,guadalajara
1567,48,Male,caceres
1568,30,Male,huelva
1569,51,Male,toledo
1570,20,Male,leon
1571,30,Male,alicante
1572,28,Male,palencia
1573,37,Male,tarragona
1574,36,Male,lleida
1575,18,Male,gipuzkoa
1576,52,Male,pontevedra
1577,56,Male,santa_cruz_de_tenerife
1578,68,Male,orense
1579,62,Male,albacete
1580,35,Male,barcelona
1581,65,Male,tarragona
1582,69,Male,teruel
1583,28,Male,gipuzkoa
1584,37,Male,castellon
1585,41,Male,burgos
1586,37,Male,alicante
1587,25,Male,zamora
1588,41,Male,zaragoza
1589,48,Male,segovia
1590,42,Male,castellon
1591,54,Male,la_coruna
1592,18,Male,ciudad_real
1593,56,Male,toledo
1594,61,Male,palencia
1595,40,Male,jaen
1596,34,Male,burgos
1597,42,Male,gerona
1598,43,Male,cantabria
1599,47,Male,sevilla
1600,48,Male,la_coruna
1601,20,Male,jaen
1602,65,Male,madrid
1603,54,Male,zaragoza
1604,23,Male,navarra
1605,18,Male,alicante
1606,70,Male,soria
1607,55,Male,jaen
1608,49,Male,tarragona
1609,26,Male,palencia
1610,33,Male,segovia
1611,20,Male,madrid
1612,41,Male,gerona
1613,18,Male,las_palmas
1614,26,Male,orense
1615,30,Male,granada
1616,64,Male,alicante
1617,26,Male,navarra
1618,43,Male,albacete
1619,63,Male,orense
1620,57,Male,valladolid
1621,25,Male,la_coruna
1622,68,Male,lugo
1623,31,Male,la_coruna
1624,64,Male,lugo
1625,38,Male,cantabria
1626,34,Male,huesca
1627,32,Male,baleares
1628,69,Male,tarragona
1629,45,Male,jaen
1630,35,Male,sevilla
1631,63,Male,badajoz
1632,65,Male,cantabria
1633,35,Male,la_coruna
1634,54,Male,alicante
1635,28,Male,castellon
1636,68,Male,zaragoza
1637,58,Male,valencia
1638,35,Male,sevilla
1639,68,Male,las_palmas
1640,41,Male,caceres
1641,65,Male,caceres
1642,50,Male,almeria
1643,18,Male,alava
1644,38,Male,alicante
1645,68,Male,teruel
1646,53,Male,santa_cruz_de_tenerife
1647,58,Male,barcelona
1648,34,Male,toledo
1649,36,Male,avila
1650,58,Male,soria
1651,60,Male,jaen
1652,59,Male,burgos
1653,65,Male,caceres
1654,31,Male,zamora
1655,43,Male,granada
1656,37,Male,guadalajara
1657,21,Male,barcelona
1658,69,Male,tarragona
1659,32,Male,madrid
1660,53,Male,valladolid
1661,59,Male,albacete
1662,64,Male,valladolid
1663,63,Male,huesca
1664,43,Male,sevilla
1665,19,Male,valencia
1666,40,Male,murcia
1667,51,Male,santa_cruz_de_tenerife
1668,51,Male,valencia
1669,66,Male,alicante
1670,42,Male,cuenca
1671,22,Male,cordoba
1672,31,Male,bizkaia
1673,18,Male,teruel
1674,21,Male,palencia
1675,35,Male,valladolid
1676,35,Male,salamanca
1677,27,Male,badajoz
1678,65,Male,bizkaia
1679,41,Male,badajoz
1680,60,Male,madrid
1681,61,Male,alicante
1682,24,Male,lleida
1683,65,Male,badajoz
1684,23,Male,gerona
1685,30,Male,zamora
1686,33,Male,ciudad_real
1687,22,Male,valladolid
1688,67,Male,alicante
1689,28,Male,sevilla
1690,32,Male,la_coruna
1691,40,Male,avila
1692,64,Male,toledo
1693,56,Male,tarragona
1694,63,Male,castellon
1695,20,Male,valencia
1696,54,Male,albacete
1697,31,Male,alava
1698,36,Male,orense
1699,25,Male,granada
1700,20,Male,burgos
1701,62,Male,cuenca
1702,69,Male,teruel
1703,54,Male,cantabria
1704,39,Male,almeria
1705,56,Male,salamanca
1706,39,Male,badajoz
1707,37,Male,castellon
1708,25,Male,burgos
1709,35,Male,huelva
1710,45,Male,granada
1711,19,Male,cuenca
1712,21,Male,huesca
1713,65,Male,madrid
1714,49,Male,zaragoza
1715,30,Male,zaragoza
1716,23,Male,santa_cruz_de_tenerife
1717,69,Male,valladolid
1718,29,Male,cantabria
1719,54,Male,badajoz
1720,45,Male,lugo
1721,25,Male,toledo
1722,34,Male,granada
1723,46,Male,palencia
1724,70,Male,jaen
1725,42,Male,salamanca
1726,45,Male,cadiz
1727,57,Male,zamora
1728,49,Male,lleida
1729,23,Male,teruel
1730,47,Male,alava
1731,23,Male,baleares
1732,21,Male,la_rioja
1733,45,Male,barcelona
1734,67,Male,la_coruna
1735,31,Male,asturias
1736,58,Male,almeria
1737,57,Male,burgos
1738,42,Male,navarra
1739,60,Male,valencia
1740,21,Male,cantabria
1741,69,Male,malaga
1742,41,Male,huesca
1743,51,Male,cantabria
1744,23,Male,la_coruna
1745,57,Male,salamanca
1746,40,Male,castellon
1747,65,Male,guadalajara
1748,61,Male,alicante
1749,34,Male,burgos
1750,43,Male,orense
1751,31,Male,la_rioja
1752,57,Male,palencia
1753,34,Male,navarra
1754,25,Male,castellon
1755,66,Male,santa_cruz_de_tenerife
1756,56,Male,burgos
1757,49,Male,orense
1758,19,Male,huesca
1759,27,Male,malaga
1760,68,Male,leon
1761,20,Male,albacete
1762,21,Male,las_palmas
1763,36,Male,granada
1764,37,Male,asturias
1765,61,Male,gerona
1766,68,Male,cadiz
1767,60,Male,cantabria
1768,69,Male,orense
1769,25,Male,alava
1770,32,Male,barcelona
1771,53,Male,cantabria
1772,46,Male,albacete
1773,58,Male,alava
1774,21,Male,cadiz
1775,46,Male,bizkaia
1776,18,Male,pontevedra
1777,56,Male,sevilla
1778,18,Male,segovia
1779,49,Male,navarra
1780,29,Male,valencia
1781,67,Male,tarragona
1782,31,Male,burgos
1783,52,Male,la_coruna
1784,42,Male,malaga
1785,32,Male,lleida
1786,47,Male,la_coruna
1787,45,Male,castellon
1788,20,Male,huelva
1789,66,Male,valladolid
1790,52,Male,malaga
1791,50,Male,madrid
1792,62,Male,alicante
1793,38,Male,barcelona
1794,65,Male,alava
1795,60,Male,guadalajara
1796,68,Male,segovia
1797,62,Male,toledo
1798,62,Male,cantabria
1799,40,Male,asturias
1800,32,Male,lleida
1801,22,Male,tarragona
1802,33,Male,cuenca
1803,57,Male,santa_cruz_de_tenerife
1804,60,Male,guadalajara
1805,30,Male,barcelona
1806,41,Male,zamora
1807,58,Male,zaragoza
1808,34,Male,madrid
1809,67,Male,badajoz
1810,58,Male,salamanca
1811,41,Male,castellon
1812,42,Male,huesca
1813,50,Male,lugo
1814,40,Male,zaragoza
1815,32,Male,valladolid
1816,51,Male,baleares
1817,26,Male,gerona
1818,32,Male,alicante
1819,58,Male,orense
1820,51,Male,santa_cruz_de_tenerife
1821,19,Male,sevilla
1822,57,Male,asturias
1823,66,Male,toledo
1824,62,Male,baleares
1825,58,Male,barcelona
1826,23,Male,cantabria
1827,45,Male,avila
1828,20,Male,segovia
1829,33,Male,la_rioja
1830,30,Male,la_coruna
1831,50,Male,alicante
1832,62,Male,bizkaia
1833,69,Male,huesca
1834,34,Male,zamora
1835,49,Male,salamanca
1836,65,Male,almeria
1837,66,Male,valladolid
1838,41,Male,pontevedra
1839,37,Male,lugo
1840,32,Male,baleares
1841,42,Male,malaga
1842,31,Male,almeria
1843,61,Male,lleida
1844,36,Male,zaragoza
1845,60,Male,lugo
1846,51,Male,la_coruna
1847,68,Male,huelva
1848,46,Male,burgos
1849,19,Male,malaga
1850,30,Male,valencia
1851,51,Male,baleares
1852,28,Male,malaga
1853,41,Male,badajoz
1854,29,Male,alava
1855,25,Male,las_palmas
1856,60,Male,zamora
1857,63,Male,la_coruna
1858,51,Male,avila
1859,22,Male,soria
1860,54,Male,las_palmas
1861,18,Male,badajoz
1862,29,Male,badajoz
1863,59,Male,cantabria
1864,25,Male,huelva
1865,19,Male,cadiz
1866,56,Male,huesca
1867,31,Male,teruel
1868,45,Male,valladolid
1869,23,Male,malaga
1870,18,Male,madrid
1871,43,Male,burgos
1872,56,Male,castellon
1873,43,Male,cadiz
1874,64,Male,pontevedra
1875,67,Male,caceres
1876,63,Male,barcelona
1877,54,Male,alava
1878,69,Male,cordoba
1879,34,Male,albacete
1880,56,Male,madrid
1881,34,Male,ciudad_real
1882,58,Male,caceres
1883,44,Male,huesca
1884,25,Male,alicante
1885,27,Male,las_palmas
1886,26,Male,teruel
1887,18,Male,toledo
1888,64,Male,cantabria
1889,62,Male,malaga
1890,59,Male,huesca
1891,36,Male,cuenca
1892,69,Male,santa_cruz_de_tenerife
1893,39,Male,avila
1894,28,Male,ciudad_real
1895,42,Male,asturias
1896,31,Male,santa_cruz_de_tenerife
1897,57,Male,pontevedra
1898,53,Male,barcelona
1899,59,Male,la_coruna
1900,32,Male,murcia
1901,65,Male,la_coruna
1902,56,Male,granada
1903,31,Male,alicante
1904,59,Male,santa_cruz_de_tenerife
1905,22,Male,la_coruna
1906,47,Male,caceres
1907,23,Male,cuenca
1908,69,Male,caceres
1909,18,Male,alava
1910,50,Male,gipuzkoa
1911,29,Male,toledo
1912,65,Male,cantabria
1913,29,Male,orense
1914,49,Male,huesca
1915,28,Male,orense
1916,51,Male,palencia
1917,26,Male,santa_cruz_de_tenerife
1918,38,Male,toledo
1919,35,Male,teruel
1920,34,Male,granada
1921,51,Male,alicante
1922,47,Male,alicante
1923,18,Male,valladolid
1924,64,Male,santa_cruz_de_tenerife
1925,30,Male,toledo
1926,59,Male,huesca
1927,66,Male,la_rioja
1928,40,Male,navarra
1929,25,Male,ciudad_real
1930,59,Male,valladolid
1931,66,Male,alava
1932,54,Male,la_coruna
1933,42,Male,granada
1934,48,Male,alava
1935,34,Male,ciudad_real
1936,19,Male,madrid
1937,70,Male,burgos
1938,43,Male,albacete
1939,46,Male,cadiz
1940,66,Male,gipuzkoa
1941,50,Male,caceres
1942,55,Male,zamora
1943,63,Male,toledo
1944,32,Male,palencia
1945,30,Male,castellon
1946,35,Male,palencia
1947,59,Male,baleares
1948,59,Male,asturias
1949,54,Male,barcelona
1950,63,Male,alicante
1951,43,Male,valladolid
1952,33,Male,alicante
1953,57,Male,granada
1954,25,Male,almeria
1955,26,Male,orense
1956,50,Male,valladolid
1957,70,Male,almeria
1958,68,Male,castellon
1959,39,Male,avila
1960,46,Male,jaen
1961,57,Male,castellon
1962,47,Male,las_palmas
1963,40,Male,la_coruna
1964,52,Male,guadalajara
1965,40,Male,alicante
1966,67,Male,ciudad_real
1967,67,Male,orense
1968,37,Male,bizkaia
1969,67,Male,valladolid
1970,64,Male,baleares
1971,28,Male,cadiz
1972,54,Male,lugo
1973,54,Male,la_coruna
1974,24,Male,lleida
1975,27,Male,almeria
1976,53,Male,caceres
1977,32,Male,gerona
1978,24,Male,lugo
1979,45,Male,sevilla
1980,49,Male,valladolid
1981,51,Male,malaga
1982,69,Male,zamora
1983,41,Male,gipuzkoa
1984,59,Male,valencia
1985,26,Male,valladolid
1986,23,Male,zaragoza
1987,62,Male,ciudad_real
1988,69,Male,cadiz
1989,46,Male,jaen
1990,35,Male,jaen
1991,32,Male,bizkaia
1992,46,Male,gipuzkoa
1993,33,Male,soria
1994,32,Male,madrid
1995,33,Male,alicante
1996,67,Male,granada
1997,67,Male,soria
1998,42,Male,lugo
1999,20,Male,toledo
2000,39,Male,sevilla
2001,26,Male,cadiz
2002,51,Male,murcia
2003,31,Male,caceres
2004,68,Male,gipuzkoa
2005,44,Male,santa_cruz_de_tenerife
2006,18,Male,granada
2007,58,Male,cadiz
2008,26,Male,valencia
2009,57,Male,granada
2010,37,Male,salamanca
2011,24,Male,huesca
2012,57,Male,las_palmas
2013,48,Male,asturias
2014,39,Male,albacete
2015,51,Male,baleares
2016,57,Male,albacete
2017,53,Male,cordoba
2018,70,Male,guadalajara
2019,60,Male,murcia
2020,31,Male,barcelona
2021,41,Male,soria
2022,62,Male,zaragoza
2023,59,Male,leon
2024,46,Male,albacete
2025,62,Male,las_palmas
2026,42,Male,caceres
2027,37,Male,bizkaia
2028,50,Male,castellon
2029,29,Male,avila
2030,25,Male,granada
2031,66,Male,alava
2032,21,Male,alicante
2033,46,Male,teruel
2034,57,Male,huesca
2035,61,Male,huesca
2036,53,Male,zamora
2037,37,Male,las_palmas
2038,39,Male,jaen
2039,53,Male,soria
2040,35,Male,caceres
2041,69,Male,lleida
2042,66,Male,cuenca
2043,19,Male,bizkaia
2044,47,Male,avila
2045,49,Male,cordoba
2046,31,Male,alava
2047,39,Male,soria
2048,58,Male,tarragona
2049,45,Male,palencia
2050,68,Male,segovia
2051,35,Male,ciudad_real
2052,65,Male,burgos
2053,45,Male,guadalajara
2054,19,Male,ciudad_real
2055,65,Male,soria
2056,28,Male,bizkaia
2057,55,Male,cadiz
2058,66,Male,cuenca
2059,29,Male,orense
2060,56,Male,badajoz
2061,21,Male,valencia
2062,32,Male,lleida
2063,54,Male,cordoba
2064,61,Male,segovia
2065,31,Male,cantabria
2066,27,Male,salamanca
2067,64,Male,valladolid
2068,60,Male,navarra
2069,70,Male,teruel
2070,36,Male,zaragoza
2071,56,Male,alicante
2072,69,Male,huelva
2073,39,Male,valladolid
2074,38,Male,cuenca
2075,36,Male,palencia
2076,46,Male,cuenca
2077,59,Male,gipuzkoa
2078,64,Male,malaga
2079,49,Male,toledo
2080,32,Male,pontevedra
2081,29,Male,zaragoza
2082,24,Male,burgos
2083,41,Male,baleares
2084,41,Male,gipuzkoa
2085,32,Male,lugo
2086,69,Male,badajoz
2087,65,Male,leon
2088,54,Male,lleida
2089,39,Male,santa_cruz_de_tenerife
2090,37,Male,las_palmas
2091,51,Male,palencia
2092,26,Male,malaga
2093,42,Male,albacete
2094,21,Male,huelva
2095,53,Male,albacete
2096,36,Male,segovia
2097,21,Male,badajoz
2098,33,Male,alava
2099,49,Male,la_coruna
2100,31,Male,granada
2101,68,Male,navarra
2102,49,Male,valencia
2103,23,Male,cantabria
2104,30,Male,leon
2105,53,Male,la_coruna
2106,65,Male,teruel
2107,60,Male,orense
2108,46,Male,sevilla
2109,54,Male,asturias
2110,59,Male,huelva
2111,52,Male,albacete
2112,41,Male,las_palmas
2113,43,Male,albacete
2114,63,Male,la_coruna
2115,37,Male,valladolid
2116,44,Male,las_palmas
2117,67,Male,valencia
2118,27,Male,alicante
2119,60,Male,badajoz
2120,58,Male,leon
2121,53,Male,las_palmas
2122,43,Male,jaen
2123,32,Male,bizkaia
2124,54,Male,la_rioja
2125,47,Male,zaragoza
2126,57,Male,malaga
2127,63,Male,la_coruna
2128,70,Male,segovia
2129,62,Male,cantabria
2130,40,Male,salamanca
2131,25,Male,toledo
2132,19,Male,la_coruna
2133,25,Male,bizkaia
2134,21,Male,sevilla
2135,55,Male,malaga
2136,34,Male,caceres
2137,47,Male,badajoz
2138,27,Male,salamanca
2139,67,Male,cadiz
2140,40,Male,leon
2141,53,Male,gerona
2142,24,Male,granada
2143,47,Male,guadalajara
2144,53,Male,la_coruna
2145,47,Male,avila
2146,38,Male,toledo
2147,48,Male,cadiz
2148,47,Male,lleida
2149,19,Male,las_palmas
2150,38,Male,cordoba
2151,57,Male,teruel
2152,70,Male,albacete
2153,38,Male,alicante
2154,35,Male,salamanca
2155,46,Male,la_coruna
2156,32,Male,valencia
2157,38,Male,sevilla
2158,41,Male,cuenca
2159,19,Male,guadalajara
2160,18,Male,tarragona
2161,45,Male,las_palmas
2162,23,Male,barcelona
2163,60,Male,lleida
2164,52,Male,orense
2165,42,Male,leon
2166,29,Male,cantabria
2167,31,Male,cuenca
2168,30,Male,bizkaia
2169,23,Male,palencia
2170,31,Male,zaragoza
2171,40,Male,cordoba
2172,39,Male,segovia
2173,28,Male,castellon
2174,23,Male,toledo
2175,42,Male,barcelona
2176,68,Male,teruel
2177,24,Male,toledo
2178,24,Male,la_coruna
2179,21,Male,barcelona
2180,49,Male,granada
2181,41,Male,cuenca
2182,22,Male,ciudad_real
2183,42,Male,murcia
2184,30,Male,bizkaia
2185,38,Male,almeria
2186,40,Male,valladolid
2187,55,Male,teruel
2188,37,Male,las_palmas
2189,41,Male,burgos
2190,38,Male,cuenca
2191,42,Male,cadiz
2192,26,Male,gerona
2193,41,Male,murcia
2194,27,Male,la_coruna
2195,61,Male,gipuzkoa
2196,58,Male,valladolid
2197,25,Male,granada
2198,33,Male,huesca
2199,57,Male,albacete
2200,39,Male,salamanca
2201,60,Male,malaga
2202,39,Male,santa_cruz_de_tenerife
2203,42,Male,badajoz
2204,53,Male,zaragoza
2205,20,Male,cantabria
2206,46,Male,salamanca
2207,46,Male,la_rioja
2208,69,Male,teruel
2209,28,Male,la_coruna
2210,42,Male,alava
2211,30,Male,caceres
2212,50,Male,toledo
2213,59,Male,lugo
2214,54,Male,badajoz
2215,50,Male,castellon
2216,25,Male,cuenca
2217,41,Male,segovia
2218,35,Male,cantabria
2219,67,Male,teruel
2220,33,Male,almeria
2221,19,Male,murcia
2222,25,Male,baleares
2223,32,Male,avila
2224,30,Male,lugo
2225,18,Male,madrid
2226,38,Male,almeria
2227,22,Male,cantabria
2228,40,Male,badajoz
2229,54,Male,cadiz
2230,70,Male,valencia
2231,52,Male,jaen
2232,34,Male,segovia
2233,65,Male,palencia
2234,38,Male,jaen
2235,35,Male,ciudad_real
2236,40,Male,zamora
2237,23,Male,orense
2238,45,Male,gerona
2239,40,Male,orense
2240,42,Male,asturias
2241,57,Male,baleares
2242,18,Male,orense
2243,18,Male,cadiz
2244,56,Male,guadalajara
2245,35,Male,granada
2246,49,Male,jaen
2247,49,Male,la_rioja
2248,34,Male,toledo
2249,63,Male,zaragoza
2250,42,Male,tarragona
2251,41,Male,la_coruna
2252,26,Male,toledo
2253,48,Male,cuenca
2254,62,Male,la_coruna
2255,24,Male,navarra
2256,48,Male,cadiz
2257,31,Male,madrid
2258,41,Male,cordoba
2259,24,Male,leon
2260,60,Male,toledo
2261,38,Male,pontevedra
2262,58,Male,huelva
2263,53,Male,teruel
2264,44,Male,huesca
2265,51,Male,cuenca
2266,36,Male,albacete
2267,20,Male,palencia
2268,32,Male,zaragoza
2269,66,Male,leon
2270,49,Male,leon
2271,27,Male,avila
2272,29,Male,asturias
2273,29,Male,albacete
2274,55,Male,cantabria
2275,57,Male,lleida
2276,29,Male,salamanca
2277,31,Male,las_palmas
2278,25,Male,la_coruna
2279,61,Male,salamanca
2280,53,Male,lleida
2281,22,Male,burgos
2282,28,Male,valencia
2283,18,Male,madrid
2284,44,Male,palencia
2285,32,Male,toledo
2286,34,Male,avila
2287,67,Male,las_palmas
2288,66,Male,leon
2289,28,Male,zamora
2290,70,Male,gipuzkoa
2291,37,Male,madrid
2292,28,Male,badajoz
2293,43,Male,baleares
2294,37,Male,la_coruna
2295,54,Male,lleida
2296,50,Male,gerona
2297,46,Male,santa_cruz_de_tenerife
2298,60,Male,huesca
2299,40,Male,toledo
2300,64,Male,guadalajara
2301,18,Male,castellon
2302,37,Male,granada
2303,36,Male,murcia
2304,51,Male,caceres
2305,26,Male,avila
2306,68,Male,caceres
2307,27,Male,la_coruna
2308,28,Male,santa_cruz_de_tenerife
2309,49,Male,cadiz
2310,70,Male,toledo
2311,30,Male,castellon
2312,27,Male,caceres
2313,19,Male,baleares
2314,64,Male,caceres
2315,42,Male,cuenca
2316,69,Male,albacete
2317,28,Male,orense
2318,47,Male,burgos
2319,69,Male,alicante
2320,56,Male,cadiz
2321,28,Male,alicante
2322,50,Male,guadalajara
2323,39,Male,burgos
2324,35,Male,barcelona
2325,59,Male,huesca
2326,44,Male,tarragona
2327,66,Male,cordoba
2328,20,Male,almeria
2329,45,Male,huesca
2330,49,Male,cadiz
2331,60,Male,guadalajara
2332,61,Male,asturias
2333,36,Male,orense
2334,33,Male,toledo
2335,49,Male,teruel
2336,31,Male,malaga
2337,19,Male,zamora
2338,39,Male,albacete
2339,66,Male,badajoz
2340,25,Male,toledo
2341,63,Male,burgos
2342,56,Male,lleida
2343,20,Male,zaragoza
2344,58,Male,bizkaia
2345,34,Male,zaragoza
2346,28,Male,granada
2347,22,Male,guadalajara
2348,37,Male,castellon
2349,54,Male,valencia
2350,65,Male,alicante
2351,57,Male,huelva
2352,38,Male,guadalajara
2353,70,Male,la_coruna
2354,56,Male,alava
2355,56,Male,cadiz
2356,22,Male,madrid
2357,57,Male,valencia
2358,53,Male,lleida
2359,53,Male,segovia
2360,19,Male,zaragoza
2361,49,Male,cuenca
2362,44,Male,bizkaia
2363,27,Male,pontevedra
2364,60,Male,zaragoza
2365,62,Male,caceres
2366,52,Male,toledo
2367,30,Male,orense
2368,66,Male,castellon
2369,29,Male,gipuzkoa
2370,24,Male,baleares
2371,51,Male,orense
2372,67,Male,orense
2373,50,Male,madrid
2374,37,Male,gerona
2375,69,Male,zaragoza
2376,60,Male,teruel
2377,21,Male,bizkaia
2378,44,Male,baleares
2379,26,Male,cantabria
2380,40,Male,alicante
2381,41,Male,valencia
2382,62,Male,lugo
2383,39,Male,avila
2384,53,Male,leon
2385,24,Male,gerona
2386,41,Male,la_coruna
2387,19,Male,alava
2388,36,Male,sevilla
2389,21,Male,cantabria
2390,25,Male,orense
2391,65,Male,cadiz
2392,42,Male,santa_cruz_de_tenerife
2393,40,Male,castellon
2394,58,Male,pontevedra
2395,40,Male,sevilla
2396,62,Male,albacete
2397,38,Male,lugo
2398,37,Male,sevilla
2399,65,Male,baleares
2400,55,Male,zamora
2401,43,Male,teruel
2402,43,Male,barcelona
2403,45,Male,gerona
2404,64,Male,orense
2405,28,Male,albacete
2406,69,Male,zaragoza
2407,54,Male,toledo
2408,52,Male,toledo
2409,23,Male,valencia
2410,26,Male,toledo
2411,48,Male,salamanca
2412,49,Male,caceres
2413,53,Male,badajoz
2414,69,Male,tarragona
2415,26,Male,caceres
2416,21,Male,salamanca
2417,59,Male,santa_cruz_de_tenerife
2418,21,Male,cadiz
2419,22,Male,baleares
2420,26,Male,asturias
2421,41,Male,barcelona
2422,37,Male,las_palmas
2423,30,Male,badajoz
2424,49,Male,castellon
2425,49,Male,cantabria
2426,58,Male,salamanca
2427,70,Male,pontevedra
2428,27,Male,murcia
2429,65,Male,cuenca
2430,57,Male,toledo
2431,20,Male,zaragoza
2432,34,Male,caceres
2433,59,Male,cantabria
2434,54,Male,teruel
2435,36,Male,toledo
2436,21,Male,orense
2437,52,Male,zaragoza
2438,43,Male,palencia
2439,32,Male,navarra
2440,55,Male,albacete
2441,31,Male,toledo
2442,45,Male,pontevedra
2443,53,Male,granada
2444,24,Male,albacete
2445,47,Male,zaragoza
2446,63,Male,la_coruna
2447,38,Male,segovia
2448,59,Male,orense
2449,54,Male,toledo
2450,26,Male,caceres
2451,68,Male,navarra
2452,41,Male,las_palmas
2453,68,Male,lugo
2454,21,Male,las_palmas
2455,32,Male,pontevedra
2456,20,Male,badajoz
2457,59,Male,granada
2458,53,Male,valencia
2459,66,Male,guadalajara
2460,47,Male,zaragoza
2461,58,Male,gipuzkoa
2462,28,Male,la_coruna
2463,68,Male,caceres
2464,60,Male,alicante
2465,47,Male,lleida
2466,18,Male,burgos
2467,32,Male,caceres
2468,27,Male,alava
2469,65,Male,segovia
2470,68,Male,las_palmas
2471,55,Male,las_palmas
2472,30,Male,burgos
2473,24,Male,alicante
2474,57,Male,badajoz
2475,23,Male,baleares
2476,69,Male,alava
2477,60,Male,santa_cruz_de_tenerife
2478,25,Male,alicante
2479,18,Male,barcelona
2480,37,Male,cuenca
2481,61,Male,malaga
2482,41,Male,cuenca
2483,69,Male,toledo
2484,32,Male,baleares
2485,60,Male,santa_cruz_de_tenerife
2486,43,Male,granada
2487,61,Male,castellon
2488,57,Male,guadalajara
2489,56,Male,valencia
2490,66,Male,madrid
2491,52,Male,lugo
2492,63,Male,lleida
2493,50,Male,lleida
2494,21,Male,avila
2495,42,Male,orense
2496,40,Male,palencia
2497,67,Male,cordoba
2498,35,Male,huesca
2499,18,Male,bizkaia
2500,52,Male,orense
2501,59,Male,caceres
2502,49,Male,tarragona
2503,46,Male,malaga
2504,69,Male,caceres
2505,56,Male,lleida
2506,27,Male,burgos
2507,57,Male,pontevedra
2508,58,Male,gipuzkoa
2509,23,Male,huelva
2510,19,Male,bizkaia
2511,40,Male,caceres
2512,54,Male,baleares
2513,50,Male,granada
2514,69,Male,granada
2515,42,Male,lugo
2516,37,Male,las_palmas
2517,46,Male,asturias
2518,64,Male,barcelona
2519,20,Male,leon
2520,40,Male,baleares
2521,64,Male,ciudad_real
2522,29,Male,castellon
2523,20,Male,malaga
2524,43,Male,palencia
2525,60,Male,badajoz
2526,39,Male,gerona
2527,47,Male,zaragoza
2528,19,Male,huesca
2529,52,Male,pontevedra
2530,34,Male,malaga
2531,25,Male,zamora
2532,43,Male,alava
2533,55,Male,la_coruna
2534,66,Male,navarra
2535,41,Male,badajoz
2536,47,Male,tarragona
2537,51,Male,jaen
2538,44,Male,sevilla
2539,18,Male,albacete
2540,33,Male,salamanca
2541,24,Male,valladolid
2542,33,Male,madrid
2543,61,Male,jaen
2544,27,Male,caceres
2545,46,Male,soria
2546,38,Male,castellon
2547,63,Male,jaen
2548,47,Male,barcelona
2549,42,Male,bizkaia
2550,41,Male,guadalajara
2551,53,Male,badajoz
2552,29,Male,guadalajara
2553,61,Male,zaragoza
2554,69,Male,gerona
2555,51,Male,valencia
2556,24,Male,alava
2557,24,Male,huesca
2558,70,Male,albacete
2559,49,Male,barcelona
2560,48,Male,leon
2561,58,Male,lleida
2562,32,Male,gipuzkoa
2563,57,Male,segovia
2564,69,Male,cantabria
2565,42,Male,cadiz
2566,30,Male,barcelona
2567,35,Male,segovia
2568,19,Male,segovia
2569,52,Male,leon
2570,42,Male,zaragoza
2571,36,Male,santa_cruz_de_tenerife
2572,45,Male,navarra
2573,54,Male,las_palmas
2574,54,Male,almeria
2575,27,Male,asturias
2576,53,Male,cadiz
2577,20,Male,leon
2578,52,Male,murcia
2579,54,Male,la_coruna
2580,65,Male,la_coruna
2581,43,Male,cantabria
2582,57,Male,jaen
2583,19,Male,guadalajara
2584,69,Male,castellon
2585,26,Male,santa_cruz_de_tenerife
2586,57,Male,huesca
2587,20,Male,la_rioja
2588,55,Male,valladolid
2589,44,Male,sevilla
2590,52,Male,salamanca
2591,57,Male,alicante
2592,40,Male,la_rioja
2593,23,Male,cuenca
2594,36,Male,albacete
2595,59,Male,caceres
2596,29,Male,zaragoza
2597,63,Male,lugo
2598,60,Male,alava
2599,64,Male,orense
2600,63,Male,ciudad_real
2601,21,Male,barcelona
2602,61,Male,malaga
2603,65,Male,huelva
2604,69,Male,bizkaia
2605,47,Male,toledo
2606,41,Male,la_coruna
2607,68,Male,malaga
2608,41,Male,granada
2609,42,Male,granada
2610,66,Male,salamanca
2611,66,Male,huelva
2612,33,Male,huelva
2613,55,Male,alava
2614,58,Male,huesca
2615,18,Male,madrid
2616,49,Male,cuenca
2617,61,Male,zaragoza
2618,31,Male,navarra
2619,70,Male,madrid
2620,68,Male,segovia
2621,27,Male,madrid
2622,48,Male,zamora
2623,63,Male,alicante
2624,49,Male,valencia
2625,19,Male,madrid
2626,30,Male,jaen
2627,50,Male,huelva
2628,66,Male,cantabria
2629,25,Male,castellon
2630,61,Male,almeria
2631,29,Male,huelva
2632,53,Male,sevilla
2633,24,Male,valencia
2634,51,Male,granada
2635,26,Male,avila
2636,59,Male,teruel
2637,41,Male,gipuzkoa
2638,20,Male,palencia
2639,22,Male,santa_cruz_de_tenerife
2640,18,Male,ciudad_real
2641,30,Male,toledo
2642,25,Male,jaen
2643,39,Male,castellon
2644,49,Male,cordoba
2645,25,Male,gipuzkoa
2646,23,Male,baleares
2647,33,Male,leon
2648,60,Male,cuenca
2649,51,Male,huelva
2650,23,Male,malaga
2651,20,Male,alicante
2652,51,Male,asturias
2653,23,Female,ciudad_real
2654,67,Female,leon
2655,23,Female,valencia
2656,26,Female,leon
2657,52,Female,valencia
2658,52,Female,pontevedra
2659,52,Female,avila
2660,35,Female,gipuzkoa
2661,24,Female,barcelona
2662,43,Female,pontevedra
2663,25,Female,navarra
2664,46,Female,leon
2665,22,Female,cantabria
2666,70,Female,ciudad_real
2667,49,Female,burgos
2668,48,Female,leon
2669,59,Female,santa_cruz_de_tenerife
2670,39,Female,lugo
2671,30,Female,lleida
2672,37,Female,cordoba
2673,56,Female,santa_cruz_de_tenerife
2674,67,Female,cordoba
2675,40,Female,almeria
2676,24,Female,palencia
2677,43,Female,albacete
2678,45,Female,pontevedra
2679,33,Female,lleida
2680,53,Female,cordoba
2681,44,Female,avila
2682,23,Female,tarragona
2683,59,Female,santa_cruz_de_tenerife
2684,68,Female,zamora
2685,46,Female,malaga
2686,56,Female,cordoba
2687,40,Female,valladolid
2688,61,Female,tarragona
2689,53,Female,navarra
2690,29,Female,badajoz
2691,44,Female,alava
2692,43,Female,cordoba
2693,40,Female,caceres
2694,55,Female,barcelona
2695,66,Female,alicante
2696,50,Female,avila
2697,57,Female,cadiz
2698,42,Female,santa_cruz_de_tenerife
2699,55,Female,zaragoza
2700,25,Female,cadiz
2701,22,Female,gerona
2702,49,Female,bizkaia
2703,70,Female,burgos
2704,56,Female,baleares
2705,52,Female,murcia
2706,65,Female,palencia
2707,24,Female,avila
2708,32,Female,asturias
2709,57,Female,zaragoza
2710,35,Female,alicante
2711,69,Female,ciudad_real
2712,30,Female,huelva
2713,37,Female,huesca
2714,19,Female,valencia
2715,53,Female,la_rioja
2716,25,Female,lleida
2717,47,Female,avila
2718,18,Female,alicante
2719,22,Female,cantabria
2720,69,Female,navarra
2721,55,Female,valladolid
2722,19,Female,sevilla
2723,23,Female,toledo
2724,54,Female,pontevedra
2725,52,Female,sevilla
2726,64,Female,cordoba
2727,33,Female,avila
2728,40,Female,avila
2729,26,Female,malaga
2730,31,Female,zaragoza
2731,23,Female,salamanca
2732,52,Female,jaen
2733,21,Female,alicante
2734,31,Female,caceres
2735,63,Female,almeria
2736,46,Female,cantabria
2737,44,Female,valladolid
2738,57,Female,badajoz
2739,50,Female,granada
2740,33,Female,huesca
2741,19,Female,lleida
2742,68,Female,huesca
2743,27,Female,cordoba
2744,61,Female,zamora
2745,38,Female,baleares
2746,28,Female,tarragona
2747,39,Female,ciudad_real
2748,18,Female,teruel
2749,24,Female,valencia
2750,64,Female,leon
2751,51,Female,alicante
2752,27,Female,huelva
2753,48,Female,madrid
2754,69,Female,cordoba
2755,59,Female,navarra
2756,59,Female,zamora
2757,42,Female,bizkaia
2758,39,Female,la_coruna
2759,32,Female,castellon
2760,68,Female,castellon
2761,41,Female,la_rioja
2762,31,Female,huelva
2763,58,Female,toledo
2764,28,Female,valladolid
2765,63,Female,ciudad_real
2766,64,Female,gerona
2767,66,Female,navarra
2768,31,Female,palencia
2769,55,Female,baleares
2770,32,Female,la_rioja
2771,50,Female,baleares
2772,58,Female,soria
2773,18,Female,bizkaia
2774,39,Female,zaragoza
2775,56,Female,cantabria
2776,37,Female,burgos
2777,46,Female,huelva
2778,52,Female,santa_cruz_de_tenerife
2779,70,Female,leon
2780,61,Female,la_rioja
2781,33,Female,avila
2782,65,Female,madrid
2783,41,Female,castellon
2784,19,Female,navarra
2785,33,Female,cadiz
2786,53,Female,castellon
2787,54,Female,zamora
2788,36,Female,alava
2789,56,Female,teruel
2790,28,Female,jaen
2791,34,Female,badajoz
2792,43,Female,cuenca
2793,54,Female,zamora
2794,37,Female,baleares
2795,33,Female,teruel
2796,33,Female,cuenca
2797,55,Female,murcia
2798,63,Female,zaragoza
2799,52,Female,avila
2800,23,Female,orense
2801,70,Female,almeria
2802,64,Female,asturias
2803,22,Female,pontevedra
2804,46,Female,soria
2805,65,Female,salamanca
2806,18,Female,las_palmas
2807,45,Female,barcelona
2808,56,Female,soria
2809,49,Female,segovia
2810,66,Female,las_palmas
2811,27,Female,huelva
2812,69,Female,sevilla
2813,66,Female,palencia
2814,45,Female,gerona
2815,31,Female,santa_cruz_de_tenerife
2816,33,Female,cuenca
2817,43,Female,lleida
2818,25,Female,soria
2819,46,Female,segovia
2820,67,Female,alicante
2821,26,Female,granada
2822,35,Female,la_coruna
2823,61,Female,huesca
2824,26,Female,valencia
2825,39,Female,palencia
2826,69,Female,almeria
2827,32,Female,cordoba
2828,20,Female,santa_cruz_de_tenerife
2829,25,Female,valladolid
2830,56,Female,guadalajara
2831,63,Female,cuenca
2832,34,Female,lugo
2833,29,Female,almeria
2834,43,Female,almeria
2835,39,Female,lleida
2836,33,Female,valencia
2837,51,Female,gerona
2838,65,Female,valladolid
2839,51,Female,soria
2840,70,Female,cuenca
2841,40,Female,madrid
2842,19,Female,teruel
2843,28,Female,sevilla
2844,51,Female,santa_cruz_de_tenerife
2845,32,Female,cantabria
2846,26,Female,gipuzkoa
2847,50,Female,badajoz
2848,68,Female,lleida
2849,33,Female,huesca
2850,56,Female,barcelona
2851,57,Female,salamanca
2852,58,Female,huelva
2853,40,Female,alicante
2854,37,Female,las_palmas
2855,36,Female,la_coruna
2856,29,Female,badajoz
2857,65,Female,cantabria
2858,44,Female,cadiz
2859,34,Female,murcia
2860,31,Female,valladolid
2861,28,Female,cantabria
2862,66,Female,las_palmas
2863,68,Female,sevilla
2864,37,Female,valencia
2865,58,Female,asturias
2866,28,Female,alava
2867,54,Female,cantabria
2868,21,Female,bizkaia
2869,45,Female,la_coruna
2870,57,Female,tarragona
2871,47,Female,navarra
2872,46,Female,leon
2873,63,Female,badajoz
2874,44,Female,burgos
2875,36,Female,guadalajara
2876,24,Female,alava
2877,65,Female,cadiz
2878,32,Female,bizkaia
2879,63,Female,almeria
2880,62,Female,alava
2881,19,Female,albacete
2882,38,Female,gerona
2883,59,Female,almeria
2884,22,Female,la_coruna
2885,55,Female,asturias
2886,29,Female,segovia
2887,42,Female,orense
2888,23,Female,ciudad_real
2889,70,Female,malaga
2890,64,Female,zaragoza
2891,39,Female,almeria
2892,47,Female,huelva
2893,22,Female,cuenca
2894,69,Female,pontevedra
2895,35,Female,zamora
2896,56,Female,ciudad_real
2897,30,Female,almeria
2898,43,Female,zamora
2899,23,Female,segovia
2900,50,Female,orense
2901,41,Female,asturias
2902,41,Female,palencia
2903,27,Female,toledo
2904,38,Female,sevilla
2905,41,Female,cuenca
2906,58,Female,orense
2907,58,Female,gerona
2908,19,Female,pontevedra
2909,43,Female,palencia
2910,27,Female,asturias
2911,32,Female,barcelona
2912,28,Female,palencia
2913,48,Female,alicante
2914,43,Female,lleida
2915,45,Female,lleida
2916,26,Female,murcia
2917,62,Female,avila
2918,58,Female,burgos
2919,19,Female,zaragoza
2920,64,Female,asturias
2921,33,Female,santa_cruz_de_tenerife
2922,20,Female,tarragona
2923,45,Female,gipuzkoa
2924,28,Female,gipuzkoa
2925,47,Female,salamanca
2926,54,Female,palencia
2927,64,Female,castellon
2928,45,Female,soria
2929,40,Female,avila
2930,31,Female,caceres
2931,38,Female,las_palmas
2932,36,Female,gerona
2933,65,Female,badajoz
2934,27,Female,soria
2935,38,Female,asturias
2936,58,Female,lugo
2937,31,Female,barcelona
2938,28,Female,orense
2939,28,Female,lleida
2940,32,Female,caceres
2941,61,Female,zaragoza
2942,38,Female,cantabria
2943,54,Female,cantabria
2944,29,Female,navarra
2945,50,Female,cuenca
2946,32,Female,segovia
2947,38,Female,valladolid
2948,52,Female,granada
2949,61,Female,guadalajara
2950,25,Female,leon
2951,22,Female,lugo
2952,47,Female,la_rioja
2953,50,Female,zaragoza
2954,45,Female,teruel
2955,33,Female,la_coruna
2956,42,Female,almeria
2957,52,Female,jaen
2958,69,Female,caceres
2959,55,Female,orense
2960,38,Female,las_palmas
2961,57,Female,zamora
2962,33,Female,castellon
2963,57,Female,bizkaia
2964,52,Female,castellon
2965,44,Female,guadalajara
2966,48,Female,madrid
2967,52,Female,palencia
2968,34,Female,ciudad_real
2969,26,Female,sevilla
2970,36,Female,valladolid
2971,24,Female,baleares
2972,30,Female,malaga
2973,31,Female,tarragona
2974,25,Female,las_palmas
2975,57,Female,segovia
2976,61,Female,valencia
2977,30,Female,leon
2978,38,Female,sevilla
2979,53,Female,asturias
2980,31,Female,las_palmas
2981,70,Female,murcia
2982,21,Female,palencia
2983,33,Female,navarra
2984,60,Female,madrid
2985,45,Female,madrid
2986,46,Female,navarra
2987,62,Female,cordoba
2988,63,Female,leon
2989,69,Female,zamora
2990,46,Female,cantabria
2991,69,Female,badajoz
2992,66,Female,cantabria
2993,41,Female,guadalajara
2994,32,Female,caceres
2995,69,Female,huesca
2996,29,Female,orense
2997,70,Female,alicante
2998,41,Female,lleida
2999,31,Female,alava
3000,31,Female,guadalajara
3001,57,Female,avila
3002,29,Female,orense
3003,70,Female,tarragona
3004,51,Female,gerona
3005,45,Female,la_rioja
3006,18,Female,leon
3007,37,Female,lleida
3008,23,Female,lleida
3009,39,Female,castellon
3010,62,Female,barcelona
3011,70,Female,valencia
3012,20,Female,madrid
3013,42,Female,zamora
3014,41,Female,la_coruna
3015,24,Female,segovia
3016,37,Female,zamora
3017,30,Female,alava
3018,58,Female,bizkaia
3019,43,Female,lleida
3020,19,Female,almeria
3021,23,Female,pontevedra
3022,65,Female,castellon
3023,58,Female,burgos
3024,50,Female,avila
3025,67,Female,santa_cruz_de_tenerife
3026,40,Female,cantabria
3027,55,Female,cantabria
3028,52,Female,jaen
3029,62,Female,lugo
3030,64,Female,la_coruna
3031,43,Female,bizkaia
3032,61,Female,huesca
3033,26,Female,murcia
3034,22,Female,alicante
3035,51,Female,avila
3036,69,Female,santa_cruz_de_tenerife
3037,50,Female,cordoba
3038,51,Female,navarra
3039,56,Female,jaen
3040,59,Female,lugo
3041,18,Female,ciudad_real
3042,48,Female,la_rioja
3043,53,Female,valladolid
3044,45,Female,asturias
3045,21,Female,orense
3046,42,Female,murcia
3047,60,Female,valencia
3048,21,Female,burgos
3049,69,Female,malaga
3050,40,Female,segovia
3051,31,Female,huelva
3052,44,Female,las_palmas
3053,48,Female,salamanca
3054,32,Female,badajoz
3055,42,Female,la_rioja
3056,27,Female,soria
3057,69,Female,gerona
3058,67,Female,lugo
3059,41,Female,segovia
3060,46,Female,avila
3061,47,Female,gipuzkoa
3062,33,Female,bizkaia
3063,51,Female,alava
3064,26,Female,murcia
3065,22,Female,orense
3066,49,Female,malaga
3067,58,Female,avila
3068,70,Female,barcelona
3069,32,Female,jaen
3070,62,Female,burgos
3071,52,Female,soria
3072,23,Female,caceres
3073,26,Female,tarragona
3074,58,Female,sevilla
3075,26,Female,alava
3076,54,Female,ciudad_real
3077,66,Female,segovia
3078,60,Female,toledo
3079,32,Female,la_rioja
3080,48,Female,soria
3081,69,Female,asturias
3082,64,Female,zamora
3083,56,Female,asturias
3084,22,Female,santa_cruz_de_tenerife
3085,46,Female,tarragona
3086,24,Female,orense
3087,47,Female,santa_cruz_de_tenerife
3088,62,Female,cadiz
3089,34,Female,la_coruna
3090,50,Female,teruel
3091,29,Female,barcelona
3092,68,Female,tarragona
3093,52,Female,murcia
3094,29,Female,santa_cruz_de_tenerife
3095,22,Female,zaragoza
3096,62,Female,bizkaia
3097,69,Female,zaragoza
3098,48,Female,zamora
3099,66,Female,las_palmas
3100,42,Female,teruel
3101,50,Female,navarra
3102,32,Female,alava
3103,51,Female,avila
3104,27,Female,ciudad_real
3105,43,Female,tarragona
3106,48,Female,lleida
3107,62,Female,granada
3108,65,Female,pontevedra
3109,50,Female,granada
3110,60,Female,leon
3111,19,Female,huelva
3112,21,Female,burgos
3113,19,Female,avila
3114,46,Female,leon
3115,21,Female,alicante
3116,26,Female,ciudad_real
3117,50,Female,la_rioja
3118,43,Female,zaragoza
3119,61,Female,guadalajara
3120,63,Female,tarragona
3121,46,Female,lugo
3122,63,Female,palencia
3123,23,Female,malaga
3124,57,Female,gipuzkoa
3125,57,Female,alicante
3126,33,Female,segovia
3127,57,Female,ciudad_real
3128,55,Female,orense
3129,65,Female,barcelona
3130,60,Female,palencia
3131,52,Female,palencia
3132,34,Female,avila
3133,33,Female,asturias
3134,58,Female,almeria
3135,35,Female,huesca
3136,68,Female,pontevedra
3137,58,Female,albacete
3138,34,Female,gerona
3139,47,Female,bizkaia
3140,35,Female,avila
3141,34,Female,leon
3142,36,Female,murcia
3143,23,Female,murcia
3144,68,Female,almeria
3145,23,Female,huelva
3146,57,Female,madrid
3147,21,Female,tarragona
3148,45,Female,santa_cruz_de_tenerife
3149,37,Female,bizkaia
3150,18,Female,baleares
3151,55,Female,huelva
3152,52,Female,la_coruna
3153,49,Female,caceres
3154,56,Female,madrid
3155,27,Female,salamanca
3156,22,Female,palencia
3157,18,Female,malaga
3158,21,Female,almeria
3159,30,Female,alava
3160,62,Female,valladolid
3161,28,Female,gipuzkoa
3162,66,Female,jaen
3163,66,Female,las_palmas
3164,49,Female,santa_cruz_de_tenerife
3165,40,Female,pontevedra
3166,49,Female,valencia
3167,19,Female,valladolid
3168,24,Female,asturias
3169,31,Female,sevilla
3170,35,Female,salamanca
3171,65,Female,valladolid
3172,68,Female,cadiz
3173,57,Female,alava
3174,69,Female,leon
3175,45,Female,lugo
3176,35,Female,leon
3177,36,Female,pontevedra
3178,55,Female,almeria
3179,66,Female,avila
3180,57,Female,sevilla
3181,18,Female,navarra
3182,31,Female,palencia
3183,50,Female,huesca
3184,50,Female,zamora
3185,61,Female,guadalajara
3186,52,Female,murcia
3187,38,Female,caceres
3188,67,Female,lleida
3189,42,Female,asturias
3190,25,Female,granada
3191,41,Female,almeria
3192,62,Female,toledo
3193,19,Female,castellon
3194,63,Female,ciudad_real
3195,43,Female,granada
3196,68,Female,teruel
3197,24,Female,albacete
3198,27,Female,granada
3199,61,Female,baleares
3200,59,Female,palencia
3201,67,Female,caceres
3202,46,Female,lugo
3203,65,Female,caceres
3204,63,Female,segovia
3205,57,Female,bizkaia
3206,40,Female,malaga
3207,36,Female,granada
3208,67,Female,cadiz
3209,61,Female,bizkaia
3210,64,Female,lugo
3211,30,Female,tarragona
3212,53,Female,albacete
3213,27,Female,cadiz
3214,27,Female,valencia
3215,53,Female,alicante
3216,34,Female,valencia
3217,39,Female,burgos
3218,44,Female,malaga
3219,37,Female,zaragoza
3220,57,Female,cordoba
3221,38,Female,tarragona
3222,21,Female,huelva
3223,45,Female,las_palmas
3224,68,Female,madrid
3225,37,Female,santa_cruz_de_tenerife
3226,53,Female,guadalajara
3227,57,Female,badajoz
3228,28,Female,santa_cruz_de_tenerife
3229,37,Female,asturias
3230,54,Female,malaga
3231,49,Female,burgos
3232,62,Female,malaga
3233,45,Female,las_palmas
3234,45,Female,santa_cruz_de_tenerife
3235,49,Female,caceres
3236,27,Female,zaragoza
3237,63,Female,jaen
3238,61,Female,asturias
3239,25,Female,alicante
3240,33,Female,sevilla
3241,56,Female,toledo
3242,50,Female,badajoz
3243,45,Female,albacete
3244,45,Female,cantabria
3245,65,Female,valladolid
3246,63,Female,bizkaia
3247,70,Female,castellon
3248,53,Female,cantabria
3249,22,Female,burgos
3250,26,Female,bizkaia
3251,23,Female,gerona
3252,25,Female,segovia
3253,69,Female,valladolid
3254,36,Female,alicante
3255,21,Female,valladolid
3256,57,Female,burgos
3257,60,Female,almeria
3258,44,Female,alicante
3259,31,Female,la_rioja
3260,57,Female,zamora
3261,39,Female,cantabria
3262,48,Female,soria
3263,42,Female,cantabria
3264,56,Female,cadiz
3265,28,Female,gerona
3266,40,Female,orense
3267,49,Female,salamanca
3268,37,Female,las_palmas
3269,22,Female,huelva
3270,27,Female,avila
3271,59,Female,la_coruna
3272,35,Female,baleares
3273,58,Female,malaga
3274,58,Female,navarra
3275,46,Female,huesca
3276,43,Female,caceres
3277,39,Female,soria
3278,59,Female,zaragoza
3279,59,Female,valencia
3280,59,Female,albacete
3281,45,Female,alava
3282,27,Female,almeria
3283,24,Female,baleares
3284,47,Female,teruel
3285,70,Female,pontevedra
3286,58,Female,caceres
3287,45,Female,badajoz
3288,24,Female,granada
3289,67,Female,tarragona
3290,31,Female,teruel
3291,52,Female,avila
3292,29,Female,cordoba
3293,62,Female,toledo
3294,19,Female,lleida
3295,62,Female,leon
3296,70,Female,jaen
3297,20,Female,santa_cruz_de_tenerife
3298,67,Female,salamanca
3299,65,Female,jaen
3300,45,Female,sevilla
3301,26,Female,segovia
3302,36,Female,alicante
3303,36,Female,la_rioja
3304,20,Female,huesca
3305,30,Female,salamanca
3306,34,Female,salamanca
3307,63,Female,badajoz
3308,18,Female,salamanca
3309,55,Female,cantabria
3310,48,Female,castellon
3311,45,Female,orense
3312,29,Female,las_palmas
3313,55,Female,pontevedra
3314,55,Female,valladolid
3315,55,Female,las_palmas
3316,48,Female,huelva
3317,42,Female,leon
3318,21,Female,navarra
3319,45,Female,caceres
3320,23,Female,cadiz
3321,66,Female,malaga
3322,32,Female,orense
3323,52,Female,badajoz
3324,54,Female,sevilla
3325,37,Female,sevilla
3326,29,Female,jaen
3327,47,Female,gipuzkoa
3328,47,Female,lleida
3329,42,Female,toledo
3330,34,Female,cuenca
3331,38,Female,huesca
3332,55,Female,caceres
3333,27,Female,avila
3334,55,Female,segovia
3335,66,Female,bizkaia
3336,44,Female,cadiz
3337,39,Female,badajoz
3338,23,Female,almeria
3339,29,Female,salamanca
3340,20,Female,almeria
3341,42,Female,soria
3342,55,Female,leon
3343,66,Female,sevilla
3344,24,Female,murcia
3345,62,Female,baleares
3346,28,Female,cuenca
3347,30,Female,valladolid
3348,22,Female,asturias
3349,28,Female,leon
3350,35,Female,cantabria
3351,45,Female,gerona
3352,43,Female,tarragona
3353,55,Female,lugo
3354,31,Female,huelva
3355,42,Female,barcelona
3356,40,Female,soria
3357,39,Female,granada
3358,41,Female,castellon
3359,56,Female,burgos
3360,43,Female,albacete
3361,22,Female,pontevedra
3362,47,Female,baleares
3363,50,Female,leon
3364,58,Female,orense
3365,50,Female,santa_cruz_de_tenerife
3366,43,Female,lleida
3367,38,Female,la_coruna
3368,44,Female,bizkaia
3369,30,Female,burgos
3370,47,Female,cantabria
3371,30,Female,albacete
3372,49,Female,toledo
3373,56,Female,valencia
3374,70,Female,sevilla
3375,22,Female,zaragoza
3376,51,Female,tarragona
3377,22,Female,orense
3378,37,Female,teruel
3379,49,Female,guadalajara
3380,61,Female,toledo
3381,41,Female,la_rioja
3382,57,Female,santa_cruz_de_tenerife
3383,34,Female,la_coruna
3384,27,Female,salamanca
3385,39,Female,cadiz
3386,62,Female,jaen
3387,34,Female,tarragona
3388,53,Female,lleida
3389,35,Female,murcia
3390,38,Female,la_coruna
3391,32,Female,orense
3392,47,Female,zaragoza
3393,53,Female,gerona
3394,60,Female,avila
3395,31,Female,soria
3396,44,Female,murcia
3397,29,Female,madrid
3398,19,Female,leon
3399,54,Female,malaga
3400,40,Female,almeria
3401,39,Female,huesca
3402,44,Female,cadiz
3403,22,Female,burgos
3404,30,Female,toledo
3405,69,Female,zamora
3406,28,Female,valladolid
3407,57,Female,valencia
3408,46,Female,alicante
3409,48,Female,castellon
3410,24,Female,leon
3411,50,Female,barcelona
3412,29,Female,alicante
3413,61,Female,toledo
3414,34,Female,gipuzkoa
3415,27,Female,la_rioja
3416,38,Female,huesca
3417,25,Female,burgos
3418,54,Female,alava
3419,53,Female,murcia
3420,23,Female,salamanca
3421,19,Female,cordoba
3422,57,Female,alicante
3423,19,Female,pontevedra
3424,33,Female,lugo
3425,33,Female,cordoba
3426,38,Female,cantabria
3427,47,Female,segovia
3428,39,Female,valladolid
3429,32,Female,alava
3430,27,Female,huelva
3431,67,Female,avila
3432,46,Female,malaga
3433,36,Female,toledo
3434,62,Female,granada
3435,31,Female,alicante
3436,68,Female,la_rioja
3437,57,Female,murcia
3438,22,Female,castellon
3439,26,Female,cantabria
3440,43,Female,navarra
3441,45,Female,palencia
3442,64,Female,leon
3443,28,Female,sevilla
3444,47,Female,gipuzkoa
3445,53,Female,palencia
3446,42,Female,tarragona
3447,51,Female,alava
3448,62,Female,alava
3449,18,Female,bizkaia
3450,48,Female,salamanca
3451,20,Female,la_rioja
3452,32,Female,burgos
3453,26,Female,cadiz
3454,31,Female,cuenca
3455,55,Female,la_coruna
3456,49,Female,segovia
3457,42,Female,zamora
3458,64,Female,bizkaia
3459,68,Female,huesca
3460,68,Female,bizkaia
3461,41,Female,salamanca
3462,51,Female,cadiz
3463,44,Female,segovia
3464,27,Female,cordoba
3465,36,Female,badajoz
3466,19,Female,huelva
3467,49,Female,orense
3468,18,Female,salamanca
3469,36,Female,huelva
3470,36,Female,toledo
3471,19,Female,las_palmas
3472,43,Female,lugo
3473,31,Female,alicante
3474,63,Female,la_coruna
3475,41,Female,caceres
3476,48,Female,salamanca
3477,68,Female,alicante
3478,53,Female,guadalajara
3479,36,Female,asturias
3480,46,Female,toledo
3481,21,Female,alicante
3482,52,Female,guadalajara
3483,66,Female,valladolid
3484,19,Female,cantabria
3485,44,Female,caceres
3486,50,Female,murcia
3487,51,Female,valencia
3488,25,Female,cadiz
3489,62,Female,la_rioja
3490,48,Female,palencia
3491,62,Female,las_palmas
3492,22,Female,segovia
3493,48,Female,granada
3494,48,Female,bizkaia
3495,62,Female,pontevedra
3496,24,Female,las_palmas
3497,39,Female,granada
3498,35,Female,teruel
3499,47,Female,madrid
3500,22,Female,navarra
3501,38,Female,albacete
3502,53,Female,huelva
3503,31,Female,cuenca
3504,31,Female,burgos
3505,65,Female,almeria
3506,48,Female,jaen
3507,18,Female,navarra
3508,46,Female,lleida
3509,52,Female,malaga
3510,50,Female,orense
3511,49,Female,alicante
3512,69,Female,zamora
3513,36,Female,murcia
3514,30,Female,navarra
3515,25,Female,alicante
3516,19,Female,lleida
3517,34,Female,cantabria
3518,29,Female,segovia
3519,50,Female,albacete
3520,31,Female,granada
3521,41,Female,cadiz
3522,52,Female,malaga
3523,27,Female,madrid
3524,49,Female,caceres
3525,69,Female,jaen
3526,45,Female,valencia
3527,20,Female,toledo
3528,25,Female,leon
3529,38,Female,navarra
3530,55,Female,la_rioja
3531,62,Female,las_palmas
3532,54,Female,gerona
3533,61,Female,la_coruna
3534,50,Female,cuenca
3535,65,Female,huesca
3536,68,Female,cordoba
3537,55,Female,murcia
3538,57,Female,la_coruna
3539,56,Female,teruel
3540,29,Female,valencia
3541,24,Female,segovia
3542,59,Female,palencia
3543,62,Female,alava
3544,58,Female,segovia
3545,64,Female,salamanca
3546,48,Female,soria
3547,60,Female,barcelona
3548,52,Female,alicante
3549,63,Female,la_rioja
3550,44,Female,palencia
3551,63,Female,granada
3552,66,Female,malaga
3553,22,Female,soria
3554,62,Female,murcia
3555,39,Female,pontevedra
3556,25,Female,albacete
3557,70,Female,la_rioja
3558,52,Female,valladolid
3559,68,Female,almeria
3560,18,Female,valencia
3561,18,Female,la_coruna
3562,63,Female,pontevedra
3563,47,Female,navarra
3564,43,Female,valencia
3565,60,Female,zaragoza
3566,49,Female,segovia
3567,28,Female,lleida
3568,32,Female,guadalajara
3569,29,Female,palencia
3570,35,Female,caceres
3571,23,Female,caceres
3572,70,Female,orense
3573,23,Female,leon
3574,43,Female,pontevedra
3575,29,Female,teruel
3576,61,Female,madrid
3577,29,Female,caceres
3578,66,Female,la_rioja
3579,46,Female,teruel
3580,34,Female,navarra
3581,51,Female,burgos
3582,26,Female,teruel
3583,23,Female,almeria
3584,52,Female,barcelona
3585,39,Female,tarragona
3586,39,Female,alava
3587,33,Female,zamora
3588,33,Female,guadalajara
3589,23,Female,bizkaia
3590,31,Female,huesca
3591,27,Female,castellon
3592,48,Female,bizkaia
3593,61,Female,asturias
3594,63,Female,madrid
3595,19,Female,gipuzkoa
3596,21,Female,valladolid
3597,28,Female,gerona
3598,29,Female,granada
3599,23,Female,zaragoza
3600,37,Female,la_coruna
3601,67,Female,lleida
3602,34,Female,alava
3603,58,Female,cantabria
3604,45,Female,caceres
3605,63,Female,burgos
3606,68,Female,sevilla
3607,41,Female,almeria
3608,50,Female,huelva
3609,24,Female,granada
3610,21,Female,baleares
3611,18,Female,orense
3612,63,Female,orense
3613,47,Female,valencia
3614,58,Female,barcelona
3615,46,Female,lugo
3616,35,Female,gerona
3617,42,Female,cuenca
3618,48,Female,jaen
3619,28,Female,madrid
3620,44,Female,gipuzkoa
3621,60,Female,toledo
3622,38,Female,alicante
3623,46,Female,jaen
3624,39,Female,la_rioja
3625,22,Female,malaga
3626,44,Female,salamanca
3627,69,Female,huelva
3628,39,Female,albacete
3629,53,Female,jaen
3630,52,Female,zamora
3631,65,Female,la_rioja
3632,48,Female,cadiz
3633,27,Female,burgos
3634,39,Female,cadiz
3635,59,Female,almeria
3636,52,Female,soria
3637,50,Female,madrid
3638,32,Female,jaen
3639,40,Female,palencia
3640,26,Female,teruel
3641,47,Female,asturias
3642,51,Female,murcia
3643,47,Female,gipuzkoa
3644,53,Female,cuenca
3645,35,Female,huelva
3646,38,Female,lleida
3647,69,Female,murcia
3648,47,Female,ciudad_real
3649,31,Female,burgos
3650,68,Female,castellon
3651,51,Female,alicante
3652,20,Female,asturias
3653,27,Female,gipuzkoa
3654,67,Female,baleares
3655,21,Female,huelva
3656,20,Female,zaragoza
3657,35,Female,navarra
3658,58,Female,cantabria
3659,28,Female,santa_cruz_de_tenerife
3660,27,Female,la_coruna
3661,19,Female,gerona
3662,63,Female,huelva
3663,69,Female,burgos
3664,65,Female,navarra
3665,63,Female,gipuzkoa
3666,28,Female,burgos
3667,67,Female,valencia
3668,51,Female,valladolid
3669,59,Female,cantabria
3670,25,Female,gipuzkoa
3671,31,Female,granada
3672,62,Female,granada
3673,51,Female,guadalajara
3674,32,Female,toledo
3675,35,Female,zaragoza
3676,70,Female,huesca
3677,19,Female,las_palmas
3678,32,Female,almeria
3679,56,Female,albacete
3680,53,Female,lleida
3681,22,Female,ciudad_real
3682,26,Female,madrid
3683,42,Female,almeria
3684,30,Female,madrid
3685,29,Female,cuenca
3686,47,Female,gerona
3687,59,Female,gerona
3688,34,Female,barcelona
3689,52,Female,gerona
3690,47,Female,valladolid
3691,24,Female,pontevedra
3692,63,Female,burgos
3693,59,Female,zaragoza
3694,66,Female,ciudad_real
3695,45,Female,burgos
3696,38,Female,santa_cruz_de_tenerife
3697,63,Female,cantabria
3698,55,Female,sevilla
3699,25,Female,huelva
3700,51,Female,malaga
3701,28,Female,cordoba
3702,46,Female,badajoz
3703,58,Female,alava
3704,30,Female,leon
3705,68,Female,huelva
3706,28,Female,granada
3707,26,Female,castellon
3708,35,Female,jaen
3709,40,Female,orense
3710,31,Female,orense
3711,60,Female,murcia
3712,69,Female,granada
3713,51,Female,las_palmas
3714,49,Female,gipuzkoa
3715,18,Female,lugo
3716,63,Female,tarragona
3717,57,Female,baleares
3718,45,Female,alava
3719,36,Female,la_coruna
3720,20,Female,soria
3721,21,Female,tarragona
3722,62,Female,huesca
3723,23,Female,badajoz
3724,26,Female,gipuzkoa
3725,30,Female,cuenca
3726,18,Female,toledo
3727,47,Female,segovia
3728,41,Female,toledo
3729,62,Female,granada
3730,28,Female,murcia
3731,46,Female,sevilla
3732,54,Female,toledo
3733,36,Female,cuenca
3734,25,Female,almeria
3735,38,Female,zaragoza
3736,38,Female,madrid
3737,42,Female,alava
3738,19,Female,jaen
3739,34,Female,leon
3740,38,Female,ciudad_real
3741,42,Female,gipuzkoa
3742,58,Female,barcelona
3743,56,Female,asturias
3744,62,Female,malaga
3745,24,Female,toledo
3746,60,Female,soria
3747,53,Female,la_coruna
3748,26,Female,madrid
3749,34,Female,castellon
3750,24,Female,lleida
3751,42,Female,segovia
3752,36,Female,valencia
3753,24,Female,asturias
3754,39,Female,caceres
3755,46,Female,soria
3756,64,Female,huelva
3757,64,Female,jaen
3758,61,Female,barcelona
3759,61,Female,sevilla
3760,44,Female,pontevedra
3761,65,Female,avila
3762,60,Female,lleida
3763,65,Female,granada
3764,27,Female,cadiz
3765,36,Female,albacete
3766,22,Female,cantabria
3767,62,Female,la_rioja
3768,59,Female,guadalajara
3769,50,Female,asturias
3770,51,Female,cuenca
3771,23,Female,palencia
3772,21,Female,zamora
3773,44,Female,toledo
3774,25,Female,cadiz
3775,57,Female,castellon
3776,41,Female,cordoba
3777,19,Female,valladolid
3778,43,Female,valladolid
3779,25,Female,huelva
3780,60,Female,baleares
3781,54,Female,segovia
3782,52,Female,valladolid
3783,40,Female,alava
3784,39,Female,lugo
3785,54,Female,jaen
3786,64,Female,palencia
3787,31,Female,cuenca
3788,37,Female,ciudad_real
3789,43,Female,teruel
3790,56,Female,cordoba
3791,27,Female,orense
3792,40,Female,caceres
3793,43,Female,huesca
3794,62,Female,pontevedra
3795,44,Female,cantabria
3796,45,Female,baleares
3797,40,Female,leon
3798,68,Female,lugo
3799,63,Female,cantabria
3800,60,Female,pontevedra
3801,19,Female,cantabria
3802,26,Female,soria
3803,70,Female,palencia
3804,48,Female,murcia
3805,37,Female,santa_cruz_de_tenerife
3806,48,Female,caceres
3807,18,Female,guadalajara
3808,38,Female,bizkaia
3809,33,Female,zamora
3810,57,Female,leon
3811,46,Female,badajoz
3812,46,Female,madrid
3813,50,Female,cantabria
3814,61,Female,zaragoza
3815,45,Female,santa_cruz_de_tenerife
3816,32,Female,murcia
3817,29,Female,leon
3818,66,Female,soria
3819,70,Female,valencia
3820,36,Female,toledo
3821,34,Female,baleares
3822,20,Female,lugo
3823,70,Female,cadiz
3824,50,Female,asturias
3825,54,Female,badajoz
3826,49,Female,tarragona
3827,50,Female,cantabria
3828,62,Female,pontevedra
3829,42,Female,zaragoza
3830,69,Female,gipuzkoa
3831,22,Female,avila
3832,36,Female,segovia
3833,64,Female,avila
3834,44,Female,soria
3835,43,Female,gipuzkoa
3836,58,Female,albacete
3837,62,Female,orense
3838,45,Female,las_palmas
3839,47,Female,lugo
3840,66,Female,santa_cruz_de_tenerife
3841,30,Female,badajoz
3842,68,Female,salamanca
3843,35,Female,malaga
3844,64,Female,navarra
3845,30,Female,granada
3846,58,Female,navarra
3847,57,Female,burgos
3848,60,Female,salamanca
3849,22,Female,alicante
3850,46,Female,asturias
3851,27,Female,cadiz
3852,50,Female,caceres
3853,65,Female,lugo
3854,61,Female,albacete
3855,57,Female,cantabria
3856,40,Female,leon
3857,39,Female,barcelona
3858,42,Female,bizkaia
3859,30,Female,jaen
3860,65,Female,palencia
3861,57,Female,tarragona
3862,64,Female,murcia
3863,56,Female,bizkaia
3864,40,Female,gerona
3865,55,Female,salamanca
3866,25,Female,burgos
3867,58,Female,avila
3868,46,Female,leon
3869,18,Female,leon
3870,26,Female,navarra
3871,61,Female,teruel
3872,55,Female,orense
3873,41,Female,baleares
3874,42,Female,zaragoza
3875,70,Female,pontevedra
3876,63,Female,asturias
3877,60,Female,caceres
3878,28,Female,santa_cruz_de_tenerife
3879,60,Female,gipuzkoa
3880,26,Female,caceres
3881,42,Female,navarra
3882,56,Female,jaen
3883,35,Female,zamora
3884,34,Female,huesca
3885,47,Female,alava
3886,49,Female,avila
3887,37,Female,madrid
3888,40,Female,cadiz
3889,45,Female,lleida
3890,57,Female,barcelona
3891,35,Female,zamora
3892,36,Female,alava
3893,35,Female,cordoba
3894,21,Female,lugo
3895,66,Female,granada
3896,40,Female,navarra
3897,52,Female,albacete
3898,46,Female,palencia
3899,44,Female,salamanca
3900,52,Female,barcelona
